date,ad_spend,impressions,clicks,gads_conversions,gads_conv_value,spend_high_intent,spend_crm_verified,orders,revenue,paid_orders,paid_revenue,new_customers,returning_orders,returning_revenue,first_order_customers,repeat_within_90d,leads_created,leads_converted,sessions,engaged_sessions,lp_conversions,lp_revenue,emails_sent,emails_delivered,emails_opened,emails_clicked,emails_sent_segmented,emails_sent_batch,emails_delivered_segmented,emails_opened_segmented,emails_clicked_segmented,carts_created,carts_recovered,open_pipeline_value,clv_value,cohort_d30_gp
2025-04-01,4923.43,106691,2340,152.1,8906.56,3686,3976,195,11787.11,146,8727.17,172,23,1389.59,172,14,181,2,6906,2676,236,13761.99,22533,21979,2960,372,774,21759,764,110,15,62,0,391690.2,48.73,7390.24
2025-04-02,4610.71,106253,2326,142.2,8748.98,3422,3746,178,10537.61,134,7838.01,158,20,1147.69,158,10,177,3,6276,2401,220,13316.05,1321,1294,220,29,1321,0,1294,220,29,69,0,392085.54,48.73,6726.91
2025-04-03,5070.26,115524,2495,157.3,9548.7,3733,4070,198,12320.7,149,9117.99,174,24,1492.96,174,14,175,3,7654,2923,262,16555.61,22521,21964,2903,397,797,21724,783,138,19,65,0,412801.76,48.73,7738.18
2025-04-04,5062.74,108926,2320,153.3,9399.44,3783,4131,203,12683.84,152,9511.04,178,25,1586.59,178,15,189,2,6629,2570,224,13789.12,24034,23443,3182,385,1474,22560,1447,237,32,74,0,413150.26,48.73,7941.26
2025-04-05,5277.35,124059,2530,169.4,9702.54,3933,4264,213,12637.94,160,9510.93,187,26,1543.08,187,16,181,4,7705,2982,260,15467.36,21519,20986,2823,358,1156,20363,1132,174,25,71,0,407362.78,48.73,7851.34
2025-04-06,4763.53,104190,2192,155.3,9250.78,3504,3816,196,11721.76,147,8806.06,172,24,1387.67,172,22,190,12,6259,2417,214,12682.86,23152,22578,3203,382,799,22353,784,117,15,76,0,409041.21,48.73,7491.78
2025-04-07,4989.47,108749,2297,161.8,9834.33,3686,4042,202,13098.48,152,9928.22,177,25,1605.52,177,17,191,4,6657,2631,241,14335.34,890,878,130,17,890,0,878,130,17,64,0,406537.52,48.73,8197.25
2025-04-08,4214.92,98016,2095,137.3,8903.09,3154,3429,175,11244.27,132,8409.73,153,22,1417.65,153,14,174,2,5987,2352,207,13252.76,20528,20024,2684,353,832,19696,820,150,20,69,0,407025.08,48.77,7049.94
2025-04-09,4559.17,94694,2089,148.5,9157.84,3382,3707,191,11701.91,144,8909.73,167,24,1455.78,167,13,169,3,6329,2438,216,13019.85,22097,21556,2933,359,1043,21054,1028,167,23,70,2,401563.75,48.8,7462.29
2025-04-10,4325.04,97255,2118,142.0,8570.53,3196,3469,181,11205.56,136,8298.6,159,22,1354.27,159,9,180,4,6316,2426,221,13556.8,21283,20757,2876,339,842,20441,827,126,15,72,3,429935.74,48.82,7035.04
2025-04-11,4475.83,100536,2114,147.6,8872.41,3343,3658,183,11588.02,138,8829.34,160,23,1498.64,160,20,196,0,6143,2391,212,13402.72,21802,21257,2934,365,133,21669,130,26,4,73,1,434307.13,48.86,7296.58
2025-04-12,5007.85,106649,2583,173.1,10094.45,3751,4090,217,12921.7,163,9753.25,189,28,1579.43,189,29,209,2,7557,2927,265,16320.16,21017,20492,2923,365,0,21017,0,0,0,78,1,408637.39,48.88,8363.73
2025-04-13,4776.21,107485,2335,149.5,9871.72,3545,3896,204,12709.45,154,9617.04,178,26,1640.02,178,15,183,4,6964,2661,236,14493.49,20602,20091,2841,342,645,19957,633,110,15,80,1,432715.67,48.9,7987.0
2025-04-14,4286.16,93623,2035,154.7,9121.72,3197,3472,192,11782.39,145,8671.87,167,25,1571.93,167,18,184,4,5953,2338,194,11765.91,23338,22760,3058,389,717,22621,705,128,17,76,1,410185.4,48.92,7340.61
2025-04-15,4308.62,96229,2076,149.2,9066.83,3192,3476,187,11780.1,141,8986.84,163,24,1518.59,163,15,171,2,6181,2384,215,13292.51,20909,20388,2911,373,590,20319,577,89,13,74,1,417591.0,48.95,7329.83
2025-04-16,4696.13,107234,2262,161.3,10388.07,3506,3784,200,12573.27,151,9638.1,174,26,1689.93,174,16,172,7,6626,2620,232,14554.56,21115,20603,2937,352,1867,19248,1836,314,42,72,1,415685.77,49.0,7961.7
2025-04-17,4231.53,86257,1974,145.7,8568.87,3152,3434,181,11132.37,136,8373.3,158,23,1546.68,158,10,172,2,5612,2145,195,12471.93,20014,19519,2736,346,594,19420,585,105,14,76,3,413886.87,49.04,6824.51
2025-04-18,4825.41,102214,2320,167.7,10616.9,3613,3949,212,12636.48,160,9627.92,184,28,1803.92,184,23,182,8,6896,2710,237,15064.1,447,438,63,8,447,0,438,63,8,75,0,426531.31,49.08,7840.27
2025-04-19,4584.46,105252,2341,164.6,10324.84,3411,3721,209,13568.51,158,10447.5,181,28,1828.43,181,29,192,4,7340,2887,259,15598.93,21272,20744,2965,366,371,20901,366,75,11,73,0,427127.25,49.13,8798.5
2025-04-20,4355.08,94857,2074,163.7,9354.24,3248,3511,199,12118.74,150,9226.69,173,26,1512.54,173,23,207,2,6689,2607,233,14355.75,1220,1198,208,28,1220,0,1198,208,28,69,1,441685.66,49.18,7624.03
2025-04-21,4408.67,99761,2276,155.8,10260.66,3241,3538,201,12704.17,152,9707.33,174,27,1989.35,174,18,177,6,6384,2505,220,14019.24,23181,22603,3091,383,540,22641,528,76,10,67,0,448104.69,49.24,7620.8
2025-04-22,4166.31,84805,1996,144.4,8967.24,3112,3403,180,11416.19,136,8605.16,156,24,1632.6,156,17,203,4,5938,2366,203,13015.98,23598,23018,3257,401,1355,22243,1331,244,34,75,1,425558.03,49.27,6900.19
2025-04-23,4329.63,95143,2187,165.7,10091.01,3178,3485,201,12547.74,152,9415.95,174,27,1675.54,174,13,189,9,6241,2424,213,13379.02,1514,1491,284,39,1514,0,1491,284,39,77,1,449823.32,49.32,7933.06
2025-04-24,4025.44,87681,1993,148.7,9098.03,3016,3257,188,11675.74,142,8807.37,163,25,1599.29,163,12,177,4,5985,2344,210,12924.1,22709,22148,2960,392,581,22128,573,106,15,71,1,439226.02,49.36,7167.79
2025-04-25,4318.13,91754,2080,165.1,9875.1,3209,3509,199,12431.57,150,9248.66,172,27,1669.18,172,24,207,4,6456,2540,227,14210.08,22275,21725,3134,402,764,21511,752,122,18,76,0,429331.07,49.39,7928.2
2025-04-26,4450.05,93095,2234,157.1,9952.55,3281,3607,198,12342.13,150,9210.76,171,27,1772.46,171,26,222,5,6170,2427,215,13190.98,23081,22518,3181,409,1181,21900,1166,193,27,74,1,452721.2,49.44,7795.31
2025-04-27,4610.68,97500,2290,171.4,10531.05,3392,3759,206,12873.58,156,9655.12,178,28,1800.27,178,22,205,6,6966,2721,243,14967.67,21251,20723,2977,360,654,20597,641,107,16,84,5,421522.61,49.48,8142.51
2025-04-28,4216.67,89913,2075,165.1,9667.93,3120,3403,206,12985.93,156,9816.76,178,28,1804.37,178,15,177,5,6099,2441,220,13484.77,0,0,0,0,0,0,0,0,0,76,2,443736.9,49.52,7997.09
2025-04-29,4126.41,91569,2091,163.3,9842.92,3092,3358,200,11725.95,151,8968.54,172,28,1562.37,172,17,204,6,6161,2452,214,13145.52,22714,22148,2968,400,165,22549,163,36,5,67,0,433410.76,49.56,7428.06
2025-04-30,3746.85,80537,1890,137.6,8861.71,2782,3018,175,11398.85,133,8678.15,153,22,1574.67,153,16,191,4,5639,2174,203,12773.25,20676,20168,2890,355,1079,19597,1061,207,28,66,1,456108.07,49.59,7210.69
2025-05-01,4339.2,95985,2105,168.6,10272.29,3261,3544,208,13037.86,158,9876.2,179,29,1729.01,179,27,181,2,6159,2402,214,13108.6,20865,20351,2937,375,745,20120,734,141,19,82,2,456602.74,49.62,8022.13
2025-05-02,4694.2,98953,2413,175.0,10399.73,3531,3804,219,12963.69,166,9641.53,188,31,1887.8,188,26,217,3,7407,2917,268,16812.28,20252,19752,2816,360,1206,19046,1182,204,28,80,2,460355.4,49.66,7923.24
2025-05-03,4545.27,96218,2142,168.7,10387.39,3423,3690,212,13417.35,161,10109.89,183,29,2059.97,183,17,216,6,6259,2457,223,14153.45,19282,18802,2735,349,257,19025,253,53,8,87,4,459303.8,49.69,8143.65
2025-05-04,4466.8,92244,2196,174.8,10688.92,3333,3620,214,12956.62,162,9645.79,184,30,1868.37,184,16,215,4,6126,2445,220,13542.48,19122,18650,2674,324,391,18731,387,70,9,83,1,440586.91,49.72,8119.95
2025-05-05,4397.65,93845,2235,170.2,10185.74,3287,3572,208,12857.04,158,9860.22,178,30,1741.37,178,30,210,9,6432,2496,220,13269.93,23287,22711,3198,424,1504,21783,1473,258,35,73,2,445218.59,49.74,8201.82
2025-05-06,4083.34,87783,2139,164.6,10388.24,3057,3324,205,13002.44,156,9794.88,177,28,1822.41,177,28,180,5,6495,2605,236,14587.89,20759,20252,2969,375,1554,19205,1527,308,41,71,2,447724.98,49.76,8055.91
2025-05-07,4080.53,86267,2026,164.5,9814.22,3018,3306,201,12163.8,153,9284.56,172,29,1880.25,172,24,195,7,6151,2422,222,13536.11,19918,19420,2684,357,0,19918,0,0,0,78,3,466709.68,49.78,7472.0
2025-05-08,4040.72,81382,2000,150.7,9910.68,3015,3286,197,12350.89,150,9437.74,170,27,1810.41,170,23,182,4,5748,2291,208,12878.9,20780,20264,2710,365,408,20372,401,86,13,75,2,465208.25,49.8,7860.82
2025-05-09,4408.43,93709,2174,173.4,10676.36,3343,3625,214,13788.59,163,10474.68,183,31,2051.24,183,32,197,2,6649,2579,227,14071.95,19805,19317,2684,361,533,19272,527,82,11,79,1,460311.11,49.82,8623.47
2025-05-10,4406.68,95392,2283,182.7,11200.64,3284,3579,219,13737.91,166,10602.47,187,32,2052.84,187,16,201,4,6488,2610,229,14529.5,23375,22799,3085,430,1197,22178,1175,201,29,83,3,453865.25,49.84,8343.92
2025-05-11,4069.23,80701,2009,174.4,9946.11,3043,3304,205,12658.2,156,9585.89,175,30,1756.53,175,14,191,6,5612,2277,202,12381.23,20687,20175,2845,384,1218,19469,1193,221,31,80,3,450391.43,49.86,7644.14
2025-05-12,3959.96,90270,2105,160.8,10541.12,2970,3217,203,13517.95,154,10167.06,173,30,1907.57,173,26,180,3,6086,2449,215,13503.79,22804,22240,3282,398,1163,21641,1140,207,30,77,3,442039.34,49.89,8520.31
2025-05-13,3893.89,80688,1932,147.7,9787.44,2901,3153,190,11941.24,145,9152.87,163,27,1727.42,163,16,185,5,5395,2118,194,12508.66,19566,19082,2592,351,1195,18371,1170,212,31,69,3,468867.6,49.92,7391.94
2025-05-14,3679.1,73312,1791,149.1,9166.27,2777,3005,184,11456.49,140,8680.91,157,27,1768.76,157,28,178,4,5395,2150,192,11775.6,21661,21128,2974,408,1408,20253,1381,271,38,82,6,471324.42,49.95,7090.28
2025-05-15,4038.5,77121,1940,162.4,10273.46,3033,3327,199,12353.54,151,9480.32,169,30,1867.73,169,21,207,6,5701,2318,205,12872.52,1848,1814,340,47,1848,0,1814,340,47,79,1,463270.29,49.97,7492.45
2025-05-16,4442.56,90395,2258,182.0,11062.81,3353,3640,215,13718.66,164,10587.21,184,31,2131.17,184,26,215,6,6388,2521,229,14283.82,19377,18895,2735,344,1384,17993,1352,232,35,82,8,454435.66,50.01,8444.95
2025-05-17,3886.19,83429,2066,157.7,10116.37,2892,3177,201,12144.94,153,9195.26,171,30,1802.6,171,15,198,7,6066,2399,215,13293.1,19880,19383,2593,366,0,19880,0,0,0,87,3,447882.19,50.04,7622.13
2025-05-18,3935.99,83216,2052,166.2,10246.29,2942,3242,201,13185.21,153,10081.96,171,30,1908.53,171,20,225,4,6144,2413,224,14373.77,18692,18227,2549,313,602,18090,589,95,13,84,5,475228.71,50.07,8453.44
2025-05-19,3764.79,75069,1859,156.6,9729.09,2772,3059,201,11937.96,153,9223.82,172,29,1733.57,172,24,221,5,5466,2220,193,11920.46,19702,19215,2747,348,531,19171,523,86,11,83,3,470478.73,50.1,7227.84
2025-05-20,3680.05,79272,1890,156.5,9685.8,2767,3034,191,11575.32,146,8860.79,164,27,1463.93,164,21,206,6,5638,2287,199,12125.74,23213,22643,3250,415,1657,21556,1626,307,45,72,6,453970.12,50.13,7322.43
2025-05-21,3731.3,81491,1925,168.1,10180.2,2769,3029,204,12509.07,156,9530.71,173,31,1902.96,173,19,205,5,5431,2180,199,12315.16,20551,20046,2900,378,959,19592,944,181,27,77,2,464657.55,50.16,7925.5
2025-05-22,3570.23,73660,1852,159.9,9664.95,2642,2878,195,12100.89,149,9158.86,166,29,1931.95,166,17,220,4,5435,2150,192,12109.54,19634,19150,2791,361,630,19004,621,103,15,74,3,471967.32,50.19,7476.59
2025-05-23,4180.91,81892,2069,187.1,11395.09,3151,3463,224,13830.47,171,10597.42,189,35,2208.24,189,30,223,8,6320,2464,228,14252.32,22777,22217,3300,402,1578,21199,1548,311,44,78,1,458653.81,50.21,8590.12
2025-05-24,3766.68,79017,2003,162.1,10423.13,2843,3098,199,12771.26,152,9813.19,168,31,2050.09,168,16,229,6,5835,2318,208,13235.27,21841,21297,3002,390,473,21368,463,111,16,87,6,458477.12,50.24,7805.59
2025-05-25,4064.86,88992,2200,169.3,11256.99,3007,3317,209,13616.95,160,10302.97,176,33,2157.14,176,23,219,6,6312,2559,218,13912.28,977,957,166,24,977,0,957,166,24,81,4,458268.22,50.26,8294.95
2025-05-26,3951.94,73441,1998,166.3,10502.62,2953,3221,204,13042.89,156,9986.89,172,32,2074.77,172,21,210,6,5973,2344,212,12944.94,19598,19114,2670,371,1337,18261,1310,276,41,88,2,469839.47,50.29,7861.75
2025-05-27,3647.0,72951,1896,165.5,9957.17,2728,2997,196,12503.42,150,9650.22,165,31,1802.87,165,14,215,6,5545,2170,195,12221.6,550,537,86,13,550,0,537,86,13,86,3,489492.75,50.31,7632.11
2025-05-28,3644.21,72432,1805,164.5,10597.81,2724,2954,203,13183.94,155,10038.95,172,31,2015.71,172,20,215,9,5643,2240,200,12926.25,619,609,126,19,619,0,609,126,19,79,3,487088.22,50.34,7911.35
2025-05-29,3548.08,71018,1877,155.3,9858.15,2639,2882,192,12546.83,147,9703.49,162,30,2022.91,162,31,199,4,5593,2182,205,13354.06,20044,19556,2761,377,1166,18878,1150,235,35,84,9,461468.57,50.37,7963.37
2025-05-30,4166.52,81054,2031,182.8,11452.9,3160,3410,224,14684.45,171,11295.82,188,36,2352.25,188,19,233,4,6350,2576,227,14401.66,170,167,43,7,170,0,167,43,7,81,3,498087.7,50.4,8960.59
2025-05-31,3665.67,72869,1856,158.5,10154.53,2753,3013,198,12593.5,152,9653.17,166,32,1934.57,166,15,227,7,5533,2175,204,12981.04,18276,17819,2394,336,0,18276,0,0,0,91,6,471416.67,50.44,7853.73
2025-06-01,3836.72,78266,2026,174.9,11427.21,2901,3137,215,13396.8,165,10400.39,181,34,2183.4,181,26,212,6,5777,2338,207,12848.79,20062,19567,2687,378,795,19267,782,140,22,81,6,474600.68,50.47,8276.12
2025-06-02,3586.7,75277,1919,158.4,10007.38,2674,2927,199,12477.5,152,9572.6,168,31,2007.54,168,22,220,5,5358,2130,199,12233.81,19500,19020,2674,354,1346,18154,1320,245,39,77,6,493477.92,50.51,7728.81
2025-06-03,3793.73,81199,2087,171.4,11103.9,2849,3098,210,13439.35,161,10405.71,177,33,1848.41,177,26,194,4,6165,2445,230,14619.34,18484,18023,2553,356,211,18273,207,51,8,73,5,477301.03,50.55,8470.79
2025-06-04,3643.86,76017,2012,165.7,11000.12,2709,2965,210,13436.73,161,10440.93,177,33,2192.56,177,24,206,4,5844,2396,210,13592.71,530,516,87,13,530,0,516,87,13,82,2,485066.77,50.59,8219.6
2025-06-05,3361.33,64212,1765,155.8,9958.4,2510,2749,200,12624.14,153,9496.34,168,32,1907.65,168,27,209,4,5014,1989,174,10770.32,18674,18215,2737,354,1111,17563,1091,233,35,85,3,474985.45,50.63,7733.68
2025-06-06,3616.76,75358,1993,177.3,10992.52,2728,2978,215,13951.83,165,10682.25,181,34,2298.24,181,30,225,10,5624,2304,198,12605.85,20018,19524,2754,369,543,19475,536,90,14,81,6,488074.76,50.67,8598.32
2025-06-07,3737.27,71615,1958,164.1,10937.09,2813,3051,208,13526.22,160,10591.05,174,34,2113.39,174,17,230,9,6107,2494,221,14655.79,20305,19803,2935,385,658,19647,647,140,20,96,6,479972.04,50.72,8165.37
2025-06-08,3751.98,82715,2062,177.2,10906.44,2823,3063,218,13336.15,167,10275.98,183,35,2259.51,183,22,217,6,6282,2535,233,14174.15,19276,18810,2666,360,2050,17226,2015,393,60,82,8,500804.82,50.76,8134.08
2025-06-09,3559.88,68598,1822,170.2,10308.81,2690,2932,209,13206.29,160,10273.06,175,34,1992.94,175,27,218,4,5579,2259,202,13052.44,20584,20077,3024,389,982,19602,965,209,31,90,4,495728.72,50.8,8186.51
2025-06-10,3525.78,74757,1872,161.7,10675.86,2653,2858,198,13353.56,152,10261.72,167,31,2034.42,167,25,201,8,5677,2302,203,13420.26,21088,20561,2928,386,502,20586,490,119,20,83,11,480404.62,50.84,8281.45
2025-06-11,3428.75,68616,1856,167.7,10777.15,2549,2813,202,13025.41,155,10079.78,168,34,2133.33,168,30,192,7,5103,2042,186,11807.63,19408,18927,2640,359,981,18427,961,208,31,81,11,486694.18,50.88,8031.9
2025-06-12,3303.62,62125,1723,160.3,10089.31,2519,2720,188,12379.68,144,9458.11,157,31,1953.15,157,19,238,11,4681,1888,175,11271.43,19965,19474,2880,363,867,19098,853,171,26,81,3,508144.88,50.91,7662.83
2025-06-13,3558.9,71199,1966,163.0,11129.24,2689,2938,209,13390.96,161,10467.45,176,33,2122.87,176,25,230,7,5798,2315,207,13474.76,19255,18774,2597,369,592,18663,578,97,15,80,7,492604.97,50.95,8166.22
2025-06-14,3933.06,75036,1981,181.5,11296.79,3001,3233,216,13955.74,166,10739.49,181,35,2212.6,181,27,249,8,5668,2301,212,14030.34,19771,19287,2804,376,1721,18050,1688,351,52,90,4,493162.83,50.98,8582.81
2025-06-15,3497.83,66599,1898,157.6,10846.85,2583,2851,199,12793.23,153,9795.82,165,34,2140.79,165,28,229,4,5217,2119,186,11907.13,987,972,221,32,987,0,972,221,32,85,8,496370.69,51.02,7700.55
2025-06-16,3578.1,72660,1934,172.3,11216.15,2702,2941,210,13896.69,162,10580.73,174,36,2528.25,174,30,235,8,5434,2235,197,12870.86,0,0,0,0,0,0,0,0,0,88,7,522301.32,51.06,8100.8
2025-06-17,3558.33,67137,1871,167.2,10670.02,2691,2943,206,13146.92,159,10299.78,171,35,2137.69,171,22,195,12,5548,2247,204,13166.59,0,0,0,0,0,0,0,0,0,90,3,489143.97,51.1,7942.9
2025-06-18,3509.99,70403,1872,179.5,10845.28,2651,2872,210,13997.65,162,10829.5,176,34,2135.41,176,22,227,4,5211,2087,192,12438.59,17955,17506,2444,313,0,17955,0,0,0,79,10,501209.01,51.14,8854.88
2025-06-19,3660.31,68418,1874,179.2,11567.58,2737,2995,219,14230.12,169,11053.38,181,38,2601.79,181,33,233,7,5412,2109,195,12614.93,20139,19638,2899,360,865,19274,846,167,24,94,4,520265.59,51.18,8787.79
2025-06-20,3516.68,65115,1805,177.1,10867.8,2666,2879,209,13275.55,161,10200.62,174,35,2326.12,174,22,211,4,4964,2012,185,12075.88,21899,21369,3298,426,1849,20050,1820,383,56,86,4,510363.09,51.22,7809.56
2025-06-21,3694.37,70663,1919,182.5,11278.95,2746,3019,218,14136.52,168,10989.35,180,38,2530.85,180,27,220,7,5821,2359,210,13454.29,22134,21587,3156,441,2117,20017,2070,425,64,82,7,518308.53,51.26,8759.43
2025-06-22,3668.48,67982,1949,186.5,11449.44,2741,2983,222,14244.48,171,10931.44,185,37,2374.54,185,27,226,12,5347,2170,192,12380.99,19620,19138,2785,381,1791,17829,1755,372,54,88,7,526399.86,51.3,8655.6
2025-06-23,3618.65,70651,1973,177.2,11110.26,2715,2985,217,13882.56,167,11002.19,180,37,2355.61,180,22,216,9,5517,2237,205,13192.32,19784,19304,3009,392,1909,17875,1876,421,63,80,9,531863.94,51.35,8416.43
2025-06-24,3299.3,58603,1662,161.7,10485.86,2501,2729,194,12704.76,150,9760.96,161,33,2023.8,161,21,231,10,4870,1982,177,11670.29,20660,20153,3125,412,2094,18566,2051,455,65,81,7,524633.41,51.39,7726.13
2025-06-25,3589.71,66577,1925,175.1,11182.69,2709,2981,218,14082.68,168,10797.82,180,38,2338.48,180,32,238,8,5515,2205,200,12487.5,17136,16708,2340,323,0,17136,0,0,0,84,6,520828.46,51.43,8821.31
2025-06-26,3602.45,70287,1860,175.2,11724.34,2729,2980,219,14439.85,169,11080.92,182,37,2350.1,182,22,237,7,5337,2157,196,12827.79,19018,18558,2876,366,1393,17625,1374,292,44,85,7,517951.83,51.47,8682.1
2025-06-27,3723.37,68954,2047,176.5,11553.93,2798,3061,213,14288.2,164,10974.98,175,38,2719.69,175,24,236,10,5806,2290,212,14148.05,20139,19640,2860,393,1062,19077,1040,242,38,98,6,516404.31,51.51,8455.84
2025-06-28,3616.09,63984,1851,173.1,11211.46,2738,3011,214,13649.72,165,10441.35,176,38,2461.85,176,25,244,4,5468,2249,208,13641.46,2075,2030,408,61,2075,0,2030,408,61,91,3,523005.27,51.55,8182.64
2025-06-29,3599.39,70436,1895,184.1,11768.95,2751,3002,218,13650.83,168,10443.33,180,38,2299.4,180,26,224,8,5600,2329,205,13281.28,19337,18864,2827,358,1502,17835,1475,308,46,85,10,523837.36,51.59,8244.97
2025-06-30,3522.45,66985,1817,188.6,11674.68,2651,2916,223,14328.12,172,11158.15,184,39,2425.46,184,26,226,7,5267,2148,197,12610.69,18200,17765,2794,370,1705,16495,1682,381,58,92,7,526520.94,51.63,8597.24
2025-07-01,3332.76,60646,1752,160.6,11257.4,2498,2767,198,13232.17,153,10177.5,163,35,2135.66,163,19,213,9,5145,2071,189,12524.61,18648,18182,2760,353,222,18426,217,62,9,88,9,532685.7,51.68,7961.65
2025-07-02,3356.72,60636,1768,174.1,10782.81,2554,2776,203,13083.94,157,10246.84,167,36,2301.71,167,22,211,6,4988,2004,182,12029.89,20104,19607,2736,373,549,19555,541,118,17,87,6,507586.1,51.72,8018.12
2025-07-03,3341.82,65203,1885,166.7,10827.01,2548,2778,200,13368.5,155,10465.04,164,36,2459.96,164,32,249,7,5582,2272,210,13725.79,0,0,0,0,0,0,0,0,0,96,11,515925.12,51.77,7996.13
2025-07-04,3498.7,67949,1863,187.0,11981.85,2656,2903,226,14793.22,175,11366.46,186,40,2603.38,186,24,216,13,5459,2252,209,13627.51,18393,17951,2689,386,1475,16918,1456,356,55,85,10,542716.1,51.82,8770.92
2025-07-05,3569.69,66937,1863,180.6,11864.4,2714,2974,221,14827.2,171,11499.87,182,39,2577.2,182,26,254,6,4998,2037,178,12020.75,20050,19561,2916,412,1779,18271,1747,388,60,94,10,536194.69,51.88,9147.77
2025-07-06,3397.1,64342,1801,175.0,12043.8,2572,2793,218,13894.83,169,10695.48,179,39,2400.98,179,31,221,6,5362,2181,196,12991.33,19403,18940,2816,404,2017,17386,1989,414,63,98,14,547863.63,51.94,8276.24
2025-07-07,3208.41,57833,1594,171.7,10449.59,2442,2660,205,12993.63,159,10009.52,167,38,2573.5,167,26,223,9,5070,2082,194,12617.91,18767,18308,2715,354,886,17881,874,202,30,97,9,531302.89,52.0,7537.31
2025-07-08,3180.89,58521,1729,156.7,10275.8,2437,2647,188,12741.04,146,9843.81,153,35,2305.81,153,23,234,9,4854,2023,180,11687.18,17796,17354,2618,339,925,16871,905,193,30,86,9,518255.57,52.06,7490.34
2025-07-09,3207.89,58824,1693,169.2,10867.26,2413,2658,206,13045.73,160,10163.24,172,34,2070.2,172,21,202,7,5464,2224,209,13643.16,810,796,184,28,810,0,796,184,28,86,15,549552.86,52.12,7983.09
2025-07-10,3159.19,58507,1645,160.4,10576.78,2386,2593,196,12697.71,152,9929.49,160,36,2369.15,160,21,226,8,4872,2025,185,11911.23,19964,19471,2997,396,817,19147,803,168,27,83,10,533790.35,52.18,7465.56
2025-07-11,3431.96,66334,1953,184.9,11957.89,2594,2842,220,14607.26,171,11275.9,180,40,2618.78,180,30,226,6,5912,2421,224,14862.74,16370,15962,2329,313,643,15727,628,120,19,94,12,548499.49,52.25,9169.54
2025-07-12,3254.49,64729,1848,187.6,11474.7,2463,2696,216,14343.06,168,11041.25,177,39,2503.34,177,24,263,8,5030,2051,187,12444.94,15894,15497,2344,305,0,15894,0,0,0,102,9,522543.36,52.32,8818.66
2025-07-13,3245.83,66114,1801,176.4,11112.64,2461,2711,212,13473.82,165,10765.99,174,38,2579.74,174,35,251,11,5310,2220,197,12830.42,18540,18084,2814,377,1716,16824,1681,359,54,89,3,520529.85,52.39,8044.86
2025-07-14,3312.13,58374,1823,187.9,11969.53,2503,2746,216,13857.65,168,10992.91,176,40,2636.43,176,31,231,6,5463,2225,207,13543.42,19273,18805,2875,388,1818,17455,1786,395,63,90,10,521469.46,52.46,8330.6
2025-07-15,3260.24,61311,1817,173.7,11542.23,2467,2710,208,13788.47,162,10627.9,170,38,2599.44,170,16,206,8,5313,2225,198,13060.95,19690,19202,2884,377,1285,18405,1257,279,46,87,8,542200.94,52.52,7968.32
2025-07-16,3441.07,68166,1847,182.8,12043.4,2590,2863,223,14498.29,173,11383.16,183,40,2641.1,183,33,217,9,5476,2226,201,12403.47,17787,17344,2760,382,1611,16176,1572,383,60,90,11,565533.51,52.59,8600.7
2025-07-17,3228.39,61589,1863,176.1,11425.24,2427,2679,213,13907.56,166,10952.87,174,39,2553.64,174,34,251,7,5142,2069,187,12268.06,17262,16842,2675,361,1644,15618,1614,404,61,97,10,532958.49,52.66,8477.29
2025-07-18,3279.22,63391,1834,186.8,12039.49,2485,2711,220,14185.02,171,11006.09,178,42,2820.79,178,36,222,4,5155,2129,196,12835.29,1076,1051,231,35,1076,0,1051,231,35,98,14,531585.17,52.72,8455.9
2025-07-19,3514.85,72550,2066,198.4,12806.72,2660,2891,242,15750.05,188,12143.99,197,45,2868.1,197,27,259,9,5602,2282,211,13913.1,19453,18985,3052,404,2758,16695,2707,630,94,98,11,550869.21,52.79,9443.43
2025-07-20,3282.2,56771,1756,178.8,11729.71,2519,2725,216,14004.71,168,10785.25,175,41,2708.95,175,25,258,13,5192,2126,193,12422.08,970,949,224,37,970,0,949,224,37,103,10,543036.7,52.85,8075.2
2025-07-21,3219.78,62393,1841,183.7,11263.29,2468,2668,216,13413.22,168,10511.97,175,41,2512.83,175,25,250,13,5112,2116,194,12459.02,17058,16631,2555,324,658,16400,641,122,19,96,9,564492.51,52.91,8061.32
2025-07-22,3207.46,57965,1780,172.4,11829.23,2438,2672,210,14823.51,163,11236.33,169,41,2907.78,169,32,208,15,5274,2169,196,13532.95,15983,15583,2415,326,266,15717,259,78,12,96,10,538223.8,52.98,8680.72
2025-07-23,3307.95,60880,1833,174.1,11553.77,2518,2746,215,13644.12,167,10622.27,175,40,2544.65,175,31,233,4,5397,2251,202,13352.88,18269,17818,2617,378,1564,16705,1531,333,50,84,11,532949.71,53.04,8069.38
2025-07-24,3325.67,63429,1880,189.3,11930.42,2551,2745,224,14969.05,174,11551.38,181,43,2848.76,181,25,248,9,5131,2127,188,12388.75,16695,16278,2482,351,981,15714,957,238,37,94,15,535269.69,53.11,9073.59
2025-07-25,3058.28,56517,1745,174.4,11707.52,2314,2541,207,13983.55,161,10885.73,167,40,2525.91,167,36,245,7,5489,2204,210,13782.83,916,897,213,35,916,0,897,213,35,92,13,539344.09,53.18,8753.21
2025-07-26,3238.48,59449,1824,189.2,11983.44,2475,2700,225,14910.63,175,11576.71,182,43,2561.88,182,23,228,6,5796,2432,214,14241.88,19092,18622,2780,390,1028,18064,1010,233,39,100,12,549075.47,53.25,8977.82
2025-07-27,3159.74,59971,1736,176.6,11395.06,2397,2627,213,14273.51,166,10985.9,172,41,2820.05,172,24,256,9,5542,2264,200,12980.26,1231,1206,276,46,1231,0,1206,276,46,93,8,559353.64,53.32,8450.75
2025-07-28,3445.72,62630,1800,186.2,11611.26,2611,2871,217,14398.36,169,11109.71,177,40,2559.37,177,28,215,9,5224,2189,203,13736.12,565,558,159,27,565,0,558,159,27,100,12,564039.08,53.39,8615.8
2025-07-29,3300.18,61732,1924,179.9,11687.4,2518,2764,214,14220.0,167,11136.9,172,42,2842.34,172,22,247,8,5466,2275,206,13406.71,16533,16128,2583,337,1173,15360,1152,293,45,97,12,543629.91,53.46,8185.67
2025-07-30,3161.85,59615,1774,180.0,12263.63,2421,2634,221,14403.03,172,11397.24,179,42,2710.67,179,24,225,8,5084,2074,192,12579.95,1022,1003,251,39,1022,0,1003,251,39,88,10,564033.23,53.53,8570.86
2025-07-31,2857.45,54617,1704,176.6,11159.95,2177,2368,202,13681.06,158,10681.02,164,38,2657.51,164,24,257,15,5158,2163,191,12516.24,671,659,132,20,671,0,659,132,20,90,15,551287.7,53.6,8031.23
2025-08-01,3248.58,60424,1878,187.2,12263.49,2482,2708,220,15015.83,172,11780.22,179,41,2823.02,179,30,249,10,5467,2308,206,14260.42,1673,1646,397,62,1673,0,1646,397,62,103,8,585600.39,53.68,8857.42
2025-08-02,3372.07,57755,1836,187.2,12702.86,2579,2803,225,14797.52,176,11442.66,180,45,2989.92,180,22,237,12,5043,2079,192,12760.55,16427,16021,2292,339,384,16043,379,98,18,99,15,557559.78,53.76,8493.51
2025-08-03,3025.58,57041,1747,175.1,11461.06,2315,2518,205,14019.73,160,10841.06,166,39,2661.92,166,26,264,9,5061,2077,190,12650.75,17936,17493,2765,386,1202,16734,1177,299,48,104,11,574446.93,53.84,8429.74
2025-08-04,3111.46,53580,1644,176.5,11796.95,2371,2580,213,14067.4,167,11300.76,172,41,2692.65,172,29,239,11,4814,2004,188,12554.18,18459,18004,2689,370,905,17554,889,229,35,97,8,569513.93,53.92,8435.92
2025-08-05,3025.65,52537,1614,174.8,11073.21,2310,2532,204,13365.23,160,10417.06,163,41,2490.84,163,31,247,10,4912,2045,192,13106.16,0,0,0,0,0,0,0,0,0,87,7,569196.45,54.0,8396.35
2025-08-06,3064.06,58494,1739,178.9,11636.51,2347,2551,207,14065.05,162,10968.14,166,41,2764.01,166,24,233,13,5181,2133,195,12777.39,16225,15829,2403,319,653,15572,646,128,20,95,9,580222.93,54.09,8273.5
2025-08-07,2812.96,53258,1638,176.7,11216.02,2129,2357,207,13584.83,162,10624.89,166,41,2748.8,166,25,253,12,5017,2117,189,12418.3,17887,17445,2619,360,1020,16867,1000,233,37,103,13,578692.1,54.17,8151.04
2025-08-08,2939.34,55459,1683,178.9,11734.51,2240,2459,213,14764.35,167,11557.32,169,44,2998.63,169,25,258,12,4936,2065,184,12124.23,437,427,118,19,437,0,427,118,19,95,12,589757.45,54.25,8468.31
2025-08-09,3288.95,58178,1860,198.0,13341.03,2525,2753,234,16035.02,183,12652.06,188,46,3078.1,188,26,260,16,5380,2240,200,13382.09,1690,1664,387,60,1690,0,1664,387,60,100,13,571385.17,54.34,9523.75
2025-08-10,2922.39,53932,1673,187.6,11691.72,2257,2463,214,13865.32,168,10771.39,170,44,2883.13,170,25,233,9,4966,2071,186,12085.15,16996,16590,2647,367,2251,14745,2214,539,83,105,13,591713.26,54.42,8222.66
2025-08-11,3273.33,60867,1868,181.5,13033.01,2488,2749,219,15730.54,172,12321.21,174,45,3156.06,174,37,226,12,6034,2487,228,15820.91,19838,19363,3155,454,2622,17216,2577,602,98,89,15,593183.38,54.51,9392.42
2025-08-12,3150.61,55657,1825,184.9,12184.06,2390,2648,223,14650.01,175,11516.93,177,46,3119.73,177,21,227,13,5310,2181,205,13876.69,664,654,189,33,664,0,654,189,33,90,5,579644.15,54.59,8293.47
2025-08-13,2926.57,51545,1690,183.2,12243.11,2230,2438,213,13949.15,167,10927.01,173,40,2727.25,173,33,234,16,5045,2087,195,13502.46,17010,16591,2619,356,1149,15861,1127,284,47,103,10,573268.32,54.67,8335.38
2025-08-14,2933.25,50262,1655,180.6,12016.8,2242,2460,212,14229.26,166,11080.7,169,43,2853.1,169,26,231,12,4997,2074,194,13270.37,0,0,0,0,0,0,0,0,0,100,9,587440.45,54.76,8231.73
2025-08-15,2916.0,51878,1709,168.3,12021.25,2236,2423,206,14494.34,162,11230.54,163,43,3159.2,163,35,245,6,4786,2000,182,12738.5,1118,1097,262,42,1118,0,1097,262,42,93,12,607263.61,54.84,8249.14
2025-08-16,3086.48,59443,1848,190.0,11957.22,2345,2589,219,14494.65,172,11305.13,175,44,2888.09,175,35,262,13,5291,2237,208,14106.1,901,887,219,34,901,0,887,219,34,113,13,565576.6,54.92,8610.66
2025-08-17,3168.99,56908,1801,204.2,13182.69,2409,2654,230,15825.66,181,12488.11,182,48,3203.6,182,27,244,14,5663,2359,218,15013.05,0,0,0,0,0,0,0,0,0,104,11,598889.04,55.01,9483.56
2025-08-18,3146.04,54391,1825,191.6,11795.68,2427,2635,220,14624.32,173,11652.6,173,47,3251.92,173,21,250,6,5547,2354,216,14060.5,644,632,161,23,644,0,632,161,23,98,8,580629.34,55.1,8143.11
2025-08-19,2907.57,50414,1622,175.1,11985.76,2224,2418,211,13385.24,166,10612.48,167,44,2932.82,167,26,225,10,4853,2043,183,12232.86,16113,15713,2333,334,232,15881,229,76,13,97,14,592812.82,55.18,7814.37
2025-08-20,2778.59,52835,1603,169.4,11247.77,2116,2329,208,13868.01,163,10941.13,167,41,2753.88,167,31,240,14,4913,2094,190,12446.66,17512,17091,2627,358,1696,15816,1670,387,59,88,11,573001.35,55.27,8278.25
2025-08-21,2954.68,53167,1726,188.8,12117.91,2278,2479,218,14472.16,171,11483.5,172,46,2961.23,172,32,251,13,4841,2037,182,12587.08,16657,16264,2575,364,1769,14888,1748,474,77,108,10,571949.2,55.35,8420.15
2025-08-22,3282.59,55177,1871,200.8,13576.04,2541,2764,236,16269.79,186,12933.8,186,50,3433.75,186,27,272,14,5442,2242,209,13695.57,17108,16699,2613,372,2463,14645,2420,572,91,93,10,611381.71,55.44,9479.55
2025-08-23,2989.72,53713,1720,178.7,12256.53,2264,2465,215,15066.07,169,11832.75,172,43,2858.91,172,27,282,13,5239,2196,199,13747.42,1364,1336,294,45,1364,0,1336,294,45,110,15,587993.03,55.52,8981.68
2025-08-24,2934.67,49456,1648,171.6,11833.42,2263,2459,212,13995.82,167,11142.07,168,44,2900.01,168,25,284,7,4830,2042,180,12159.97,14792,14424,2155,294,786,14006,768,171,25,96,11,584513.67,55.61,8306.56
2025-08-25,2801.18,54023,1717,174.8,12232.75,2152,2353,208,14447.59,164,11466.13,165,43,2981.86,165,36,245,11,4956,2072,186,12862.35,17390,16961,2557,348,1147,16243,1124,288,45,103,16,595329.01,55.69,8539.82
2025-08-26,3130.2,53767,1768,187.3,12679.2,2388,2612,226,15927.94,178,12572.14,178,48,3448.86,178,27,262,12,4932,2064,191,13113.43,18340,17896,2954,426,2190,16150,2150,553,89,89,15,617761.89,55.78,9177.88
2025-08-27,3006.23,53883,1706,181.9,12021.66,2306,2515,216,14343.63,170,11208.62,170,46,2952.52,170,22,253,16,5288,2218,202,13700.1,16847,16432,2436,334,456,16391,451,128,21,101,21,581586.53,55.86,8367.03
2025-08-28,3072.83,52583,1802,199.2,13189.62,2349,2564,232,15168.53,183,11959.88,185,47,3156.54,185,35,279,14,5283,2230,198,13181.8,16004,15604,2271,310,0,16004,0,0,0,103,15,619723.42,55.95,9117.14
2025-08-29,3199.96,52488,1884,189.6,13465.8,2467,2697,225,15774.7,177,12505.94,177,48,3515.4,177,24,239,7,5448,2282,217,14809.01,462,451,123,23,462,0,451,123,23,109,14,600921.98,56.03,8836.66
2025-08-30,3114.37,54204,1728,198.1,13364.88,2392,2634,231,16248.61,182,12835.6,183,48,3354.99,183,32,284,21,4988,2116,196,13657.13,15498,15111,2408,338,457,15041,446,129,22,106,16,615344.13,56.11,9606.04
2025-08-31,2884.25,53372,1729,191.5,12226.97,2241,2437,221,15073.89,174,11784.76,173,48,3423.31,173,23,266,8,4837,2092,197,12947.83,0,0,0,0,0,0,0,0,0,98,11,633736.24,56.19,8416.19
2025-09-01,2865.26,50545,1761,174.2,11939.08,2198,2409,206,14655.52,162,11515.09,162,44,3082.33,162,26,253,12,5045,2166,200,13923.21,401,392,116,20,401,0,392,116,20,99,14,619890.12,56.28,8726.53
2025-09-02,2977.1,55727,1860,189.3,12703.41,2268,2498,226,15351.27,178,12086.82,179,47,3096.42,179,30,270,12,5196,2270,200,13811.7,16920,16509,2535,344,995,15925,982,263,43,102,14,619211.36,56.36,9036.73
2025-09-03,3080.53,58328,1822,189.8,12966.02,2379,2593,222,15163.6,175,12131.32,176,46,3131.38,176,31,265,12,5736,2393,223,15537.73,599,587,148,23,599,0,587,148,23,99,23,628847.42,56.44,9087.51
2025-09-04,3099.19,53434,1778,190.0,12740.33,2373,2591,220,15282.07,174,12148.57,171,49,3370.56,171,23,271,12,5306,2276,209,14337.96,16772,16356,2613,334,710,16062,696,153,23,107,17,594418.41,56.53,8877.64
2025-09-05,3255.74,57701,1904,212.5,14014.59,2504,2716,240,16213.8,190,12709.68,190,50,3452.94,190,37,288,9,5694,2395,220,15803.64,15612,15238,2544,364,2007,13605,1973,519,83,108,17,639886.04,56.61,9588.28
2025-09-06,3136.7,60279,1892,184.2,13528.54,2404,2611,224,15519.64,177,12076.54,174,50,3473.12,174,31,255,16,5458,2353,215,14730.13,400,394,113,20,400,0,394,113,20,112,12,640160.42,56.7,8749.33
2025-09-07,3164.57,56767,1899,197.3,13235.85,2449,2661,232,16450.8,183,12962.79,181,51,3741.16,181,31,246,8,5936,2491,232,16013.18,14897,14532,2407,332,1376,13521,1349,371,62,105,18,603394.43,56.79,9276.11
2025-09-08,2980.37,52221,1828,201.1,13149.38,2261,2479,237,15463.57,187,12307.07,185,52,3524.45,185,43,276,13,5422,2329,216,14459.03,857,836,241,35,857,0,836,241,35,108,16,598710.4,56.88,8928.56
2025-09-09,2830.88,51760,1672,184.0,12177.59,2181,2390,217,15094.2,172,12064.51,169,48,3369.49,169,21,261,14,4645,1945,183,12335.19,14714,14351,2327,352,1513,13201,1480,404,70,102,14,645533.5,56.96,8621.25
2025-09-10,2754.92,53471,1677,170.6,12381.03,2133,2325,210,15254.06,166,11959.6,164,46,3454.32,164,25,232,10,4836,2098,193,13104.16,1842,1804,451,72,1842,0,1804,451,72,99,13,629589.62,57.05,8662.84
2025-09-11,2798.65,47240,1617,178.5,12591.0,2137,2345,212,15076.32,168,12180.05,165,47,3062.31,165,27,243,10,4611,1993,182,12705.94,776,763,179,28,776,0,763,179,28,104,11,624067.14,57.15,8845.3
2025-09-12,2939.12,54134,1828,193.4,12829.17,2272,2486,224,14928.59,177,11798.99,175,49,3319.53,175,24,277,12,5123,2131,196,13013.65,14745,14379,2370,311,1052,13693,1028,270,47,114,17,618570.88,57.24,8582.94
2025-09-13,2966.4,54909,1823,202.9,14017.71,2271,2488,238,16152.43,188,12662.0,186,52,3717.18,186,39,277,18,5184,2214,198,13640.89,2306,2266,583,98,2306,0,2266,583,98,98,11,628989.8,57.33,9413.31
2025-09-14,3168.2,58130,2028,220.9,14439.65,2437,2659,245,16690.09,194,13208.9,189,56,3678.94,189,30,290,20,5758,2457,227,15579.75,1895,1858,520,92,1895,0,1858,520,92,105,18,647706.93,57.42,9726.35
2025-09-15,2788.73,50157,1627,186.0,12891.25,2152,2333,212,15143.57,168,12105.1,164,48,3497.6,164,26,257,7,4867,2080,196,13423.13,669,658,168,28,669,0,658,168,28,97,20,610141.58,57.51,8727.09
2025-09-16,2892.98,46654,1660,184.1,12412.41,2228,2430,212,14703.26,168,11563.76,167,45,3193.34,167,34,238,10,4844,2065,188,13425.73,15594,15214,2566,348,1297,14297,1274,371,62,99,17,625033.55,57.59,8817.16
2025-09-17,2996.23,55324,1767,188.6,13666.26,2318,2544,225,15428.83,178,12030.44,176,49,3309.32,176,29,234,11,5531,2345,220,15204.23,16664,16269,2858,399,3247,13417,3187,825,133,98,19,632493.81,57.68,8978.43
2025-09-18,2911.24,52628,1786,199.2,13057.92,2253,2444,225,15729.09,178,12522.92,175,50,3518.98,175,29,292,15,5386,2292,210,14963.75,15178,14809,2383,328,1290,13888,1268,366,58,100,11,652880.35,57.77,9233.61
2025-09-19,2952.47,53455,1766,190.5,13104.23,2260,2468,227,16094.65,180,12862.97,179,48,3347.06,179,30,284,16,5350,2331,211,14735.21,14171,13828,2259,308,1351,12820,1328,345,56,110,19,649163.54,57.85,9345.29
2025-09-20,3119.28,51741,1797,210.1,14468.04,2405,2639,247,16820.2,196,13684.11,190,57,3979.07,190,33,296,19,5658,2428,227,15396.77,1669,1643,431,69,1669,0,1643,431,69,115,15,622319.37,57.94,9421.65
2025-09-21,2958.3,52278,1837,197.5,13614.45,2283,2504,230,15892.22,183,12549.25,179,51,3876.01,179,31,248,10,5315,2264,210,14359.11,2601,2552,635,103,2601,0,2552,635,103,99,21,631118.29,58.02,8958.93
2025-09-22,2681.42,43739,1620,180.3,12302.55,2083,2266,207,14266.04,164,11321.7,162,45,2951.04,162,24,285,13,4733,2047,190,13387.94,1455,1428,415,69,1455,0,1428,415,69,95,12,627134.01,58.11,8706.46
2025-09-23,2596.63,48622,1676,177.1,12294.93,1995,2176,209,14144.02,166,11492.51,164,45,3054.13,164,36,282,18,5100,2169,200,13908.73,16783,16377,2749,401,2515,14268,2466,638,114,99,29,655048.59,58.2,8428.92
2025-09-24,2723.23,51644,1731,191.9,12724.72,2104,2307,218,15710.69,173,12486.33,169,49,3190.28,169,33,264,7,4756,2052,190,12983.99,1570,1539,448,73,1570,0,1539,448,73,112,19,634287.15,58.28,9100.78
2025-09-25,2709.45,46987,1722,177.9,12385.43,2056,2279,212,14719.85,169,11685.09,163,49,3430.75,163,32,286,13,5124,2228,196,13728.56,15971,15579,2335,325,797,15174,784,177,28,98,24,640460.47,58.36,8538.53
2025-09-26,2972.93,53619,1851,208.9,14224.4,2255,2508,241,17257.49,192,14002.95,184,57,4145.05,184,29,267,14,5260,2256,207,14450.66,15992,15597,2411,351,1028,14964,1007,275,41,106,14,635563.41,58.45,9436.04
2025-09-27,3008.59,48137,1772,207.6,13750.87,2330,2544,238,16646.66,189,13121.44,186,52,3657.24,186,32,264,13,5301,2323,217,14775.15,15766,15380,2490,350,1381,14385,1355,373,58,114,15,658530.85,58.54,9549.42
2025-09-28,2974.43,52709,1843,200.5,13149.72,2288,2483,227,16108.52,181,12912.96,176,51,3626.3,176,32,255,11,5665,2415,220,14928.51,287,284,98,18,287,0,284,98,18,98,14,673570.56,58.63,9293.76
2025-09-29,2656.62,47254,1672,183.1,12623.51,2049,2253,213,15392.28,170,12219.39,164,49,3559.82,164,26,294,9,4598,1973,175,12969.37,13169,12841,2089,288,287,12882,281,101,18,109,27,631291.83,58.72,8624.8
2025-09-30,2641.92,43795,1627,191.6,12936.01,2057,2247,219,14867.35,174,11762.98,171,48,3136.96,171,24,247,18,4814,2072,189,13055.12,1523,1495,454,72,1523,0,1495,454,72,97,19,680266.9,58.81,8837.71
2025-10-01,2591.7,43018,1576,186.7,13212.78,1987,2181,214,15174.77,170,12040.81,165,49,3389.53,165,27,285,16,4766,2034,190,13156.41,13844,13500,2104,289,784,13060,766,185,27,105,14,681100.8,58.9,8956.82
2025-10-02,2639.67,45573,1709,184.9,13126.86,2043,2225,211,15402.15,168,12257.05,160,51,3833.66,160,28,293,16,5091,2202,203,14080.08,1509,1486,448,77,1509,0,1486,448,77,101,19,639534.63,59.0,8721.3
2025-10-03,2926.28,48837,1814,199.3,13839.52,2241,2460,233,16603.15,186,13202.31,178,55,3883.36,178,24,286,12,5415,2301,214,15042.49,637,626,171,25,637,0,626,171,25,104,24,679728.16,59.09,9473.68
2025-10-04,3184.53,56341,1945,209.4,14237.86,2500,2705,247,17533.94,197,14138.15,189,58,4259.27,189,31,267,13,5763,2485,232,16250.49,1689,1663,507,81,1689,0,1663,507,81,107,17,646353.54,59.18,9583.09
2025-10-05,2956.02,51782,1793,202.9,14205.34,2300,2490,231,16721.17,184,13444.01,176,55,4143.35,176,34,289,18,5224,2259,205,14817.52,1675,1641,406,66,1675,0,1641,406,66,100,12,651619.97,59.28,9468.65
2025-10-06,2634.08,47599,1602,188.3,13375.9,2024,2208,220,15509.23,175,12325.22,166,54,3799.06,166,26,252,15,5093,2198,204,14210.51,1656,1630,495,81,1656,0,1630,495,81,103,19,648469.35,59.38,8516.68
2025-10-07,2528.3,44129,1587,185.4,12289.92,1974,2144,212,14284.36,169,11478.06,164,48,3159.58,164,31,270,11,4830,2092,188,12910.98,1060,1035,310,48,1060,0,1035,310,48,106,20,649924.64,59.48,8270.7
2025-10-08,2545.54,43887,1653,180.6,12955.56,1979,2153,208,14844.21,166,11860.09,158,50,3609.84,158,28,279,15,4943,2142,197,13951.61,556,543,167,29,556,0,543,167,29,107,23,668972.85,59.58,8579.02
2025-10-09,2832.05,50595,1810,192.7,13650.55,2196,2413,225,16039.38,180,12795.8,170,55,3755.02,170,32,256,4,5141,2220,200,13716.04,15519,15152,2760,389,2364,13155,2326,686,112,111,17,668518.1,59.68,8925.59
2025-10-10,2976.5,53390,1890,198.7,15090.32,2306,2517,243,16961.42,194,13616.65,184,59,4157.57,184,33,284,19,5789,2464,228,15652.96,445,439,134,26,445,0,439,134,26,117,14,686445.79,59.78,9563.64
2025-10-11,3132.55,56478,1990,211.3,14924.65,2417,2650,244,17166.29,195,13502.35,187,57,4229.76,187,34,321,17,5905,2580,230,15737.21,2150,2103,643,113,2150,0,2103,643,113,105,27,645893.69,59.88,9589.1
2025-10-12,2722.16,45479,1621,197.3,13562.17,2104,2301,224,15771.01,179,12498.33,169,55,3924.46,169,31,280,15,4639,1977,189,13096.51,0,0,0,0,0,0,0,0,0,109,20,694454.06,59.98,9047.05
2025-10-13,2666.2,45524,1705,194.4,13665.77,2065,2256,218,15216.46,174,12025.58,168,50,3673.72,168,35,268,15,5208,2244,213,15070.6,2794,2736,731,115,2794,0,2736,731,115,109,17,686393.99,60.08,8513.9
2025-10-14,2725.2,45813,1716,195.6,12787.56,2105,2309,217,14951.92,174,12194.25,164,53,3620.78,164,27,274,13,5044,2171,199,14111.67,269,266,98,18,269,0,266,98,18,113,28,667330.53,60.18,8672.99
2025-10-15,2482.29,45838,1650,184.9,12604.28,1924,2107,207,14637.4,166,11951.0,157,50,3565.61,157,34,267,16,4766,2053,189,13811.33,796,785,227,32,796,0,785,227,32,115,27,661264.47,60.28,8315.12
2025-10-16,2580.91,45182,1610,188.4,13113.13,2004,2196,220,14962.75,176,12034.2,166,54,3822.47,166,27,294,18,4472,1928,181,12724.86,1475,1445,425,73,1475,0,1445,425,73,104,26,698480.88,60.38,8351.38
2025-10-17,2664.01,44631,1689,190.0,13380.83,2051,2261,219,15058.83,175,12058.76,167,52,3448.54,167,36,279,11,5148,2275,208,14678.07,1367,1339,382,66,1367,0,1339,382,66,118,21,669487.61,60.47,8742.68
2025-10-18,2805.24,51031,1816,193.6,13455.63,2188,2399,224,15965.85,179,12884.85,172,52,3637.67,172,35,322,19,5587,2440,221,16052.15,2928,2882,798,126,2928,0,2882,798,126,126,20,677851.95,60.57,9449.95
2025-10-19,2711.46,44483,1696,198.4,14366.58,2111,2308,225,16479.24,180,13122.16,172,53,3832.99,172,28,277,17,4848,2099,198,14275.1,454,443,148,26,454,0,443,148,26,105,18,697280.29,60.67,9390.2
2025-10-20,2666.94,46678,1733,187.5,13831.74,2065,2254,219,15912.8,175,12722.44,165,54,3905.85,165,37,303,12,5053,2232,206,14836.79,13173,12854,2202,312,1601,11572,1571,401,64,120,29,664872.34,60.77,9125.54
2025-10-21,2475.49,40687,1587,183.5,12753.78,1894,2091,216,15341.67,173,12259.62,163,53,3679.68,163,30,252,13,4810,2098,192,13571.45,15387,15018,2757,395,3217,12170,3152,907,146,101,22,696011.52,60.87,8799.43
2025-10-22,2803.83,45909,1737,181.3,13177.65,2180,2375,219,15406.46,176,12522.12,166,53,3540.29,166,34,278,22,4807,2082,191,13596.55,2519,2477,748,118,2519,0,2477,748,118,116,26,713183.0,60.96,8618.18
2025-10-23,2453.12,43347,1614,182.4,12925.46,1897,2078,207,15367.13,166,12243.09,157,50,3858.89,157,27,283,13,5008,2235,194,13984.53,11651,11360,1798,240,0,11651,0,0,0,114,31,712484.29,61.06,8641.72
2025-10-24,2794.97,48806,1819,191.5,13765.2,2173,2379,232,16729.32,186,13401.4,177,55,3865.27,177,45,279,11,5368,2323,228,16749.24,15081,14724,2531,370,2225,12856,2189,642,107,115,36,717753.12,61.16,10052.65
2025-10-25,2796.79,47438,1795,209.6,14513.03,2174,2356,234,16662.04,188,13369.48,177,57,4240.88,177,34,303,19,5295,2337,215,15766.07,0,0,0,0,0,0,0,0,0,109,25,716791.97,61.26,9541.21
2025-10-26,2811.89,52055,1886,206.1,14289.04,2165,2382,236,16333.3,189,12847.1,177,59,4094.38,177,30,311,16,5566,2454,216,15770.87,13300,12991,2239,320,2038,11262,2011,563,94,118,25,680781.9,61.35,9271.48
2025-10-27,2735.79,48433,1828,196.9,14625.37,2138,2313,230,16576.56,185,13250.95,173,57,4349.16,173,33,300,11,5237,2271,214,16062.45,12407,12105,2010,302,1012,11395,995,321,54,116,21,719029.69,61.45,9026.7
2025-10-28,2706.97,46900,1829,195.4,14019.65,2102,2294,221,16244.66,178,13173.96,167,54,3970.77,167,33,303,15,5117,2272,209,15000.31,1138,1112,347,57,1138,0,1112,347,57,115,29,716497.76,61.55,9365.96
2025-10-29,2632.03,45312,1701,186.1,13362.07,2026,2233,211,15121.6,170,12167.17,162,49,3589.1,162,31,285,13,4881,2166,194,13899.96,12411,12100,1903,278,984,11427,959,237,38,112,27,698273.68,61.65,8700.71
2025-10-30,2584.14,46990,1672,182.5,12815.33,2003,2203,212,15401.97,170,12497.53,160,52,3709.9,160,42,315,15,5069,2273,210,14400.02,1762,1729,478,69,1762,0,1729,478,69,120,26,717678.64,61.74,9232.31
2025-10-31,3021.38,55074,1986,216.2,15765.38,2324,2569,255,18139.79,205,14579.03,193,62,4448.84,193,44,298,16,5855,2529,235,16013.44,0,0,0,0,0,0,0,0,0,111,27,694959.58,61.84,10222.09
2025-11-01,2748.84,45626,1819,207.2,14281.9,2146,2331,236,17137.21,190,13733.2,175,61,4494.76,175,33,324,17,5456,2410,223,16339.81,3578,3509,1001,174,3578,0,3509,1001,174,128,22,680778.05,61.94,9687.82
2025-11-02,2754.39,51965,1847,193.8,14032.24,2132,2323,229,16078.73,184,12813.69,171,58,4060.54,171,41,295,12,5269,2256,214,14972.69,4179,4121,1225,205,4179,0,4121,1225,205,123,33,725429.63,62.04,9196.36
2025-11-03,2532.28,44731,1683,187.3,13387.45,1950,2159,214,15235.24,172,12273.14,161,53,3822.53,161,38,309,14,5121,2275,206,14589.7,15033,14674,2693,394,3058,11975,2998,844,142,102,26,730873.16,62.14,8831.69
2025-11-04,2811.95,48251,1831,201.5,14837.95,2174,2376,234,16068.98,188,12873.66,178,56,3626.18,178,35,307,7,5043,2178,203,14773.19,12930,12607,1981,276,0,12930,0,0,0,116,22,702621.32,62.23,9249.46
2025-11-05,2497.84,41336,1582,185.3,13039.03,1958,2148,214,15129.25,172,12141.97,160,54,3875.72,160,29,304,20,4602,1982,188,12683.22,0,0,0,0,0,0,0,0,0,117,27,737707.17,62.32,8259.45
2025-11-06,2725.87,49289,1816,205.0,14679.75,2132,2316,237,17392.34,191,14118.33,176,61,4749.68,176,29,311,22,5235,2322,210,15278.2,2638,2580,810,136,2638,0,2580,810,136,121,28,705662.89,62.42,9285.7
2025-11-07,2897.81,47733,1852,221.6,15220.09,2278,2479,253,17814.33,204,14380.79,192,61,4050.19,192,39,292,14,5234,2293,212,15035.8,927,915,242,38,927,0,915,242,38,117,20,722290.81,62.51,10388.95
2025-11-08,2564.07,46828,1690,202.1,14181.15,2011,2180,226,16617.88,182,13426.23,169,57,4433.47,169,31,286,16,4901,2135,196,14469.06,13729,13402,2362,335,1246,12483,1231,397,64,124,18,704226.07,62.6,9299.32
2025-11-09,2628.13,46734,1731,200.3,13618.71,2043,2249,229,16016.93,185,12892.22,171,58,4322.85,171,41,277,12,4946,2183,201,13804.36,1493,1469,436,71,1493,0,1469,436,71,116,26,711023.45,62.69,8749.11
2025-11-10,2566.78,42596,1674,186.3,13207.21,2001,2192,215,14816.32,173,11841.58,162,53,3687.24,162,23,284,13,4634,2080,188,13281.38,11107,10829,1711,233,0,11107,0,0,0,112,19,740917.01,62.77,8123.55
2025-11-11,2790.27,49363,1873,204.7,14775.18,2195,2389,230,17477.83,186,14151.04,168,62,4509.56,168,39,264,15,5650,2508,235,17320.77,12745,12438,2173,310,1770,10975,1737,477,74,112,22,715708.27,62.86,10007.97
2025-11-12,2641.53,46157,1760,186.4,13688.48,2072,2273,221,15383.19,178,12368.3,168,53,3856.95,168,37,293,18,5224,2322,213,15659.89,1176,1158,394,64,1176,0,1158,394,64,105,21,709790.15,62.95,8433.59
2025-11-13,2742.75,48054,1811,219.5,15197.08,2140,2319,248,17855.25,200,14281.04,186,62,4507.81,186,27,285,19,5146,2265,215,15290.65,13112,12787,2100,291,529,12583,519,183,33,124,33,701614.0,63.03,9778.62
2025-11-14,2653.65,45650,1806,203.5,14599.14,2067,2250,226,17177.6,183,14043.93,172,54,4020.81,172,32,333,18,5133,2255,212,15425.73,2974,2921,919,157,2974,0,2921,919,157,124,27,728640.52,63.12,9332.45
2025-11-15,2660.38,46218,1764,208.1,14549.0,2065,2261,236,17058.33,191,13883.15,174,62,4579.13,174,30,314,24,4977,2198,213,15127.28,13261,12953,2448,365,2603,10658,2561,782,132,123,24,728748.69,63.21,9397.35
2025-11-16,2819.2,50036,1887,226.9,15713.66,2204,2404,251,18301.67,203,14911.85,185,66,4541.09,185,34,314,21,5699,2507,236,17281.82,838,818,252,39,838,0,818,252,39,126,30,727396.22,63.3,10207.88
2025-11-17,2553.65,42950,1743,207.7,14395.77,1998,2183,237,16984.07,192,13765.32,176,61,4371.41,176,40,269,15,5146,2250,215,15072.62,966,946,360,60,966,0,946,360,60,115,31,729421.38,63.39,9565.77
2025-11-18,2717.53,46286,1760,214.5,14871.32,2113,2326,235,17239.62,190,13775.38,177,58,4476.4,177,39,311,20,5081,2285,209,15582.26,11954,11671,2041,304,1343,10611,1325,411,69,117,26,746356.99,63.48,9516.58
2025-11-19,2576.74,44531,1849,204.4,14390.36,2011,2196,232,16576.38,188,13354.41,173,59,4269.37,173,36,299,14,5099,2289,214,15078.4,1885,1851,575,100,1885,0,1851,575,100,119,32,728164.93,63.58,9287.82
2025-11-20,2410.74,42313,1645,188.1,13547.52,1900,2054,219,15397.55,177,12414.63,163,56,3949.89,163,35,303,16,4918,2131,194,14224.27,13801,13467,2393,335,1328,12473,1306,401,68,115,26,739043.82,63.67,8613.29
2025-11-21,2725.39,50986,1978,215.5,15337.13,2115,2333,241,16818.95,195,13681.18,181,60,4227.69,181,35,336,12,5989,2707,242,17554.88,13462,13148,2450,357,2289,11173,2254,657,109,132,36,724381.21,63.76,9465.25
2025-11-22,2721.84,47527,1885,223.0,15556.96,2112,2339,247,17640.95,200,14123.29,183,64,4612.95,183,39,327,17,5485,2410,228,16090.85,11882,11591,2140,326,1685,10197,1649,554,92,119,33,714360.11,63.85,9499.44
2025-11-23,2750.24,46373,1894,221.5,15332.28,2154,2344,246,17515.07,199,14168.2,180,66,4594.86,180,41,290,17,5811,2579,239,17013.84,12475,12170,2179,298,1546,10929,1514,462,73,112,26,765757.83,63.94,9805.68
2025-11-24,2553.63,43834,1712,197.7,13674.67,1975,2173,223,15729.31,181,12433.02,163,60,4110.35,163,32,269,19,5078,2281,213,15636.77,2339,2290,688,113,2339,0,2290,688,113,110,24,733693.48,64.04,8714.25
2025-11-25,2518.17,44869,1733,208.7,14303.99,1953,2144,236,16489.13,191,13399.16,174,62,4445.02,174,42,269,22,4845,2112,203,14191.51,1130,1102,338,55,1130,0,1102,338,55,108,22,739370.25,64.12,9148.64
2025-11-26,2357.0,40080,1669,185.4,13928.42,1845,2027,214,15701.06,173,12585.82,156,58,4339.1,156,37,299,20,5099,2261,216,15645.56,14625,14284,2923,452,4335,10290,4251,1354,228,111,31,750485.02,64.21,8614.31
2025-11-27,2711.62,48022,1879,221.0,14995.06,2102,2328,240,17751.87,195,14402.87,177,63,4798.7,177,34,280,15,5355,2416,216,15262.83,1214,1200,376,60,1214,0,1200,376,60,114,27,756651.22,64.31,9707.13
2025-11-28,2696.41,48349,1884,223.0,15168.3,2109,2304,242,17267.78,196,14125.35,176,66,4635.5,176,45,320,23,5835,2603,237,17326.27,3838,3760,1140,199,3838,0,3760,1140,199,126,37,750019.0,64.39,9646.31
2025-11-29,2766.64,47311,1923,228.6,15487.99,2166,2393,250,17875.62,203,14515.94,184,66,4738.12,184,31,309,16,5744,2544,233,16529.33,14025,13705,2653,400,2928,11097,2885,915,153,116,32,776127.17,64.48,9622.7
2025-11-30,2550.81,44876,1821,213.2,15314.45,1985,2171,238,17154.65,193,13845.83,172,66,4809.09,172,36,309,21,5336,2354,227,16413.26,1324,1293,420,73,1324,0,1293,420,73,110,28,737505.57,64.57,9205.85
2025-12-01,2572.72,43306,1778,202.7,14367.61,2052,2218,223,16411.49,181,13201.2,161,62,4382.6,161,35,317,27,4999,2266,212,15351.07,2481,2430,717,116,2481,0,2430,717,116,109,18,768145.15,64.65,9227.95
2025-12-02,2610.1,45046,1867,209.7,15234.52,2062,2239,239,17161.63,194,13798.39,175,64,4779.86,175,39,298,25,5438,2425,222,16041.83,989,970,269,44,989,0,970,269,44,107,31,768373.7,64.74,9156.34
2025-12-03,2392.64,41100,1768,188.6,14000.09,1863,2046,214,15506.14,174,12751.01,156,58,4350.06,156,28,292,16,4906,2193,200,14693.64,11953,11667,2085,315,1597,10356,1570,495,86,123,32,773617.6,64.82,8305.42
2025-12-04,2523.06,45549,1793,210.5,14561.25,1973,2164,239,16955.32,194,13727.67,174,65,4437.13,174,34,283,12,5322,2370,216,15368.6,1538,1513,478,81,1538,0,1513,478,81,113,32,747454.77,64.91,9519.14
2025-12-05,2605.53,46067,1768,214.9,14667.4,2042,2232,233,16939.78,189,13650.94,170,63,4416.29,170,40,300,17,5065,2248,204,14609.15,1490,1462,477,80,1490,0,1462,477,80,136,31,733564.18,65.0,9536.0
2025-12-06,2872.99,44562,1882,226.6,16779.48,2265,2459,257,18885.7,209,15067.41,185,72,5081.45,185,34,298,21,5758,2572,240,17504.17,998,982,279,43,998,0,982,279,43,120,29,779710.32,65.08,10106.03
2025-12-07,2680.21,47685,1905,218.6,15455.3,2106,2293,245,18258.04,199,14909.7,182,63,4624.42,182,35,308,28,5816,2607,241,17612.81,11814,11521,2087,307,1420,10394,1387,431,74,126,32,736594.25,65.18,9857.97
2025-12-08,2478.29,40627,1759,208.5,15377.88,1919,2096,236,16879.72,192,13940.09,172,64,4447.22,172,39,294,18,5042,2216,212,15414.05,1432,1412,447,71,1432,0,1412,447,71,126,32,777110.72,65.27,9389.78
2025-12-09,2500.99,43567,1793,197.7,14444.12,1967,2131,224,16956.85,182,13739.81,161,63,4893.56,161,39,282,21,5340,2381,228,17036.15,0,0,0,0,0,0,0,0,0,111,23,784736.97,65.36,8894.09
2025-12-10,2365.21,41672,1723,194.0,14602.82,1854,2024,221,16305.02,180,13425.29,161,60,4351.59,161,39,310,18,5130,2273,217,15983.49,3079,3023,949,165,3079,0,3023,949,165,108,31,763812.59,65.45,9046.45
2025-12-11,2440.04,42619,1812,200.9,14596.84,1910,2088,218,15854.13,178,12879.14,158,60,4425.55,158,38,291,20,5237,2358,216,16047.45,1917,1876,624,111,1917,0,1876,624,111,113,29,746980.42,65.55,8519.19
2025-12-12,2812.64,49505,2018,233.1,16734.4,2219,2410,260,18789.4,212,15565.59,190,70,4958.6,190,41,344,28,5945,2633,245,17559.99,12177,11884,2000,285,930,11247,918,279,48,123,43,781852.08,65.64,10476.03
2025-12-13,2556.5,44597,1926,206.3,15347.29,2001,2203,236,17817.97,192,14447.84,171,65,5148.24,171,44,302,24,5398,2422,225,16889.71,807,788,239,41,807,0,788,239,41,133,37,783285.2,65.73,9504.7
2025-12-14,2781.41,50394,1978,216.9,16241.26,2186,2400,244,19004.6,199,15480.08,176,68,5195.81,176,41,309,29,5796,2604,241,18136.13,2102,2056,691,120,2102,0,2056,691,120,115,31,796419.37,65.83,10329.21
2025-12-15,2339.41,39492,1768,193.8,14631.04,1833,1994,218,16266.22,178,13267.49,159,59,4379.36,159,35,286,23,4728,2135,198,14726.1,1244,1222,400,68,1244,0,1222,400,68,109,28,770799.23,65.93,8933.62
2025-12-16,2561.34,44335,1854,215.4,15472.16,2000,2210,234,16978.07,191,13961.87,169,65,4550.11,169,34,324,23,5882,2661,246,17927.97,12832,12530,2437,368,2712,10120,2663,909,152,109,27,781721.9,66.03,9312.58
2025-12-17,2446.15,43264,1798,195.3,14507.85,1923,2098,219,16482.73,179,13323.41,158,61,4381.37,158,39,277,21,5112,2288,223,16593.64,12203,11915,2347,347,2074,10129,2039,679,118,121,36,795169.88,66.14,9308.15
2025-12-18,2645.16,46063,1856,211.7,15335.28,2076,2285,237,17470.27,193,14389.19,173,64,4624.64,173,35,313,26,5575,2469,236,17715.26,2683,2620,853,142,2683,0,2620,853,142,118,35,804276.45,66.24,9602.54
2025-12-19,2857.61,47372,2038,234.1,16558.49,2235,2444,259,19192.58,211,15664.58,184,75,5720.17,184,42,324,21,5529,2490,229,16789.85,3003,2949,1016,164,3003,0,2949,1016,164,139,32,758121.07,66.34,10444.87
2025-12-20,2819.67,47872,1995,221.9,16737.75,2208,2430,259,19404.83,212,15924.25,186,73,5396.19,186,40,359,23,5599,2581,235,16643.45,879,860,245,38,879,0,860,245,38,117,29,767882.07,66.45,10633.31
2025-12-21,2419.38,40471,1678,209.4,14544.96,1907,2087,232,15734.13,190,13168.84,167,65,4422.97,167,33,320,16,5044,2291,212,14981.13,10727,10472,1796,256,959,9768,948,260,45,131,32,786727.06,66.55,8441.75
2025-12-22,2563.22,48106,1811,209.1,15826.64,2024,2205,241,18174.68,197,14768.89,176,65,4841.57,176,28,331,24,5678,2544,238,17702.0,11427,11161,2271,334,2384,9043,2344,786,132,120,46,807129.64,66.65,9923.15
2025-12-23,2397.45,41117,1723,216.3,15260.79,1892,2063,242,17871.93,198,14670.84,176,66,4990.19,176,40,279,18,5321,2443,218,15835.09,0,0,0,0,0,0,0,0,0,119,25,794612.23,66.76,9751.54
2025-12-24,2349.97,40690,1768,199.3,14564.05,1869,2037,220,16643.94,180,13513.66,160,60,4681.1,160,32,318,20,5258,2426,225,16944.45,2596,2562,801,133,2596,0,2562,801,133,131,32,807288.33,66.86,8795.72
2025-12-25,2691.69,45531,1857,220.0,15901.73,2106,2308,249,18895.11,204,15542.02,179,70,5404.98,179,38,340,26,5496,2533,229,17036.23,10011,9761,1642,232,0,10011,0,0,0,113,35,776651.1,66.97,10143.8
2025-12-26,2400.37,42935,1860,200.3,15510.59,1865,2043,226,17238.22,185,14204.11,166,60,4448.55,166,51,317,13,5224,2390,227,16304.38,1614,1583,553,90,1614,0,1583,553,90,130,33,777217.79,67.07,9811.8
2025-12-27,2485.81,44115,1842,211.5,15643.8,1935,2128,234,17214.98,192,14176.94,166,68,5174.33,166,36,303,22,5621,2512,242,17876.12,2136,2087,679,110,2136,0,2087,679,110,124,42,786979.63,67.17,9495.84
2025-12-28,2404.95,39331,1790,198.1,15339.54,1909,2070,224,16994.47,183,14200.08,161,63,4793.29,161,34,340,20,5151,2327,218,16733.98,3532,3464,1130,194,3532,0,3464,1130,194,123,30,810116.25,67.27,9130.77
2025-12-29,2401.21,42031,1784,213.7,14996.07,1899,2065,233,16795.78,191,13768.57,165,68,4905.29,165,43,295,25,5236,2399,227,15999.71,2956,2890,974,169,2956,0,2890,974,169,136,38,770247.23,67.37,9013.16
2025-12-30,2389.05,41268,1799,203.5,15212.35,1890,2053,232,16488.36,190,13604.16,167,65,4324.79,167,42,279,20,5388,2447,228,16672.56,10620,10373,2089,313,1999,8621,1968,688,121,123,31,807280.57,67.47,9923.61
2025-12-31,2493.73,42375,1713,198.7,15016.32,1973,2168,228,17196.15,187,14126.72,166,62,4805.09,166,35,334,19,5105,2350,224,16355.39,11093,10819,2034,306,1614,9479,1577,546,90,116,25,795341.89,67.56,9490.67
2026-01-01,2355.34,38415,1689,201.7,15315.35,1838,2029,231,17167.87,189,13872.46,170,61,4580.77,170,34,288,16,4802,2164,203,14858.66,2555,2516,820,134,2555,0,2516,820,134,135,41,777349.11,67.66,9542.69
2026-01-02,2659.53,44040,1985,221.8,15963.52,2110,2295,250,19104.88,205,15533.99,179,71,5499.49,179,47,344,15,5743,2562,238,17665.59,9161,8932,1470,203,0,9161,0,0,0,141,37,805735.04,67.75,9854.51
2026-01-03,2700.4,48695,1979,235.5,17057.83,2134,2341,259,19478.78,212,15853.16,184,75,5562.65,184,39,312,24,5674,2544,235,16926.66,941,923,374,69,941,0,923,374,69,121,33,801950.88,67.83,10512.54
2026-01-04,2766.38,46908,2117,231.6,17391.27,2186,2386,263,19244.58,216,15607.96,184,79,5745.02,184,42,341,25,6021,2725,253,18334.99,2852,2813,945,161,2852,0,2813,945,161,124,37,780339.9,67.92,9979.15
2026-01-05,2378.37,41967,1760,193.6,14247.02,1863,2052,222,17308.03,182,14285.1,157,65,4925.52,157,37,316,25,5455,2457,231,17693.38,1009,996,341,53,1009,0,996,341,53,126,39,790576.48,68.02,9647.92
2026-01-06,2463.73,41337,1827,205.0,14372.03,1956,2125,228,17280.86,187,14029.83,162,66,5001.39,162,31,333,21,5480,2487,234,17379.51,13629,13324,3035,456,4571,9058,4492,1526,257,112,32,800020.49,68.11,9286.81
2026-01-07,2271.02,38878,1718,194.0,14301.65,1795,1968,222,16614.05,182,13653.59,155,67,5314.35,155,35,298,28,4635,2112,197,14745.21,1921,1884,639,114,1921,0,1884,639,114,112,26,809775.02,68.2,8855.95
2026-01-08,2561.73,44923,1863,231.9,16570.62,2009,2207,251,17924.63,206,14682.79,181,70,4951.66,181,43,292,27,5469,2475,229,16849.48,10516,10255,1915,275,1243,9273,1214,438,72,140,38,835665.06,68.3,9851.46
2026-01-09,2503.54,43105,1859,208.9,16032.63,1978,2158,240,18043.91,197,14582.79,173,67,5381.32,173,34,354,17,5341,2432,222,16749.6,645,630,230,42,645,0,630,230,42,120,41,812569.57,68.39,9119.6
2026-01-10,2462.82,43763,1828,204.9,15820.14,1963,2130,232,17901.86,191,14475.64,165,67,5105.85,165,39,338,21,5285,2450,229,17495.0,2323,2291,765,122,2323,0,2291,765,122,136,37,811085.33,68.48,9527.01
2026-01-11,2377.91,44253,1848,198.7,14966.2,1886,2071,225,17230.48,185,14040.23,161,64,5226.68,161,38,317,24,5079,2304,212,15727.04,1116,1100,310,51,1116,0,1100,310,51,118,35,802981.25,68.57,9177.99
2026-01-12,2444.82,43170,1869,208.8,14859.94,1921,2122,231,17437.06,190,14296.19,163,68,5202.89,163,38,299,14,5525,2508,230,16928.54,10378,10119,1790,273,867,9511,846,267,47,137,36,829938.4,68.67,9404.03
2026-01-13,2426.43,42028,1782,220.9,16382.15,1924,2103,238,18493.99,196,15232.8,168,70,5449.15,168,31,319,23,5171,2378,226,17228.3,1400,1369,462,85,1400,0,1369,462,85,135,43,815695.33,68.77,9774.27
2026-01-14,2355.38,38991,1664,198.5,14806.6,1866,2038,224,16439.07,184,13541.49,160,64,5024.22,160,36,288,18,4953,2257,212,15696.38,2403,2365,872,160,2403,0,2365,872,160,125,29,857708.1,68.87,8572.63
2026-01-15,2633.83,44377,2012,235.8,17670.38,2105,2273,262,19253.45,216,15817.31,186,76,5639.9,186,40,354,25,6190,2844,275,19806.66,3049,2986,1052,178,3049,0,2986,1052,178,141,36,849355.11,68.98,10245.41
2026-01-16,2605.09,44739,1928,236.2,17585.58,2061,2261,260,18515.81,214,15146.17,184,76,5656.4,184,30,343,25,5470,2544,232,16934.58,2063,2031,714,130,2063,0,2031,714,130,138,42,796891.59,69.08,9595.8
2026-01-17,2624.64,46024,1982,230.0,17299.05,2066,2276,252,18977.01,208,15867.96,179,73,5334.62,179,38,378,21,5833,2680,243,18665.98,3088,3026,1052,186,3088,0,3026,1052,186,135,36,829218.72,69.18,10073.08
2026-01-18,2502.45,43554,1897,215.3,15910.04,1994,2171,235,17545.33,194,14429.89,164,71,5181.64,164,28,363,18,5807,2625,249,18545.41,8561,8348,1470,214,390,8171,381,165,30,122,34,859419.52,69.29,9179.92
2026-01-19,2648.52,43108,1984,232.7,16783.85,2093,2288,252,18894.07,208,15585.38,177,75,5466.48,177,31,343,25,5804,2689,247,18343.97,1032,1009,350,53,1032,0,1009,350,53,137,35,824841.89,69.38,9884.43
2026-01-20,2584.3,47237,2024,222.7,16287.13,2041,2232,249,18643.17,205,15457.23,174,75,5433.31,174,38,297,22,6067,2770,260,19127.16,0,0,0,0,0,0,0,0,0,133,42,844943.54,69.48,9788.77
2026-01-21,2260.12,35395,1632,199.9,14913.24,1807,1958,217,16779.08,179,14027.42,151,66,5177.69,151,39,302,22,4684,2165,206,16563.62,1235,1214,446,81,1235,0,1214,446,81,118,35,849307.52,69.58,8915.64
2026-01-22,2209.46,38102,1688,209.2,15820.32,1752,1912,225,17630.62,186,14579.32,161,64,4759.5,161,31,363,24,4961,2288,215,16673.27,9015,8802,1722,262,919,8096,908,392,67,118,28,866643.85,69.68,9523.03
2026-01-23,2678.3,46458,1958,245.6,18103.94,2111,2314,269,20154.79,222,16652.55,193,76,5805.84,193,47,357,30,5564,2548,240,18204.44,924,908,369,67,924,0,908,369,67,147,47,866016.29,69.78,10721.01
2026-01-24,2428.85,41218,1742,206.7,16650.26,1914,2101,236,17719.39,195,14353.18,167,69,5145.32,167,40,331,24,5328,2427,236,17721.15,9702,9462,1750,251,990,8712,968,284,49,125,36,815438.44,69.88,9634.44
2026-01-25,2247.35,36942,1707,209.8,15116.5,1764,1933,230,16780.42,190,13928.08,158,72,5339.8,158,35,338,23,4991,2286,217,16359.4,593,583,225,42,593,0,583,225,42,135,38,842170.66,69.97,8866.05
2026-01-26,2553.44,47723,1994,226.3,17153.72,2001,2210,249,19568.64,206,16043.3,178,71,5553.82,178,41,352,20,5927,2733,257,20089.95,1057,1037,436,82,1057,0,1037,436,82,125,41,816481.84,70.07,10486.24
2026-01-27,2253.74,36929,1755,201.2,14952.78,1783,1963,225,16976.95,186,14021.5,157,68,4926.86,157,38,297,28,5128,2323,226,16971.34,1000,977,321,55,1000,0,977,321,55,130,41,815217.66,70.16,9097.17
2026-01-28,2417.36,45538,1976,235.8,17012.73,1897,2089,254,18973.12,210,15785.57,181,73,5474.06,181,44,304,17,6010,2764,258,19864.16,1515,1481,555,95,1515,0,1481,555,95,132,41,864336.11,70.25,10439.63
2026-01-29,2420.58,43338,1930,208.0,16514.33,1932,2099,237,17803.08,196,14854.33,168,69,5089.85,168,37,356,25,5423,2502,237,17503.42,3561,3497,1208,202,3561,0,3497,1208,202,128,42,836469.08,70.35,9753.49
2026-01-30,2638.38,50360,2115,225.7,17511.7,2084,2269,253,19423.41,209,16056.91,177,76,5977.66,177,53,330,36,6099,2804,265,20729.0,2808,2751,979,174,2808,0,2751,979,174,145,51,845184.41,70.44,10688.1
2026-01-31,2692.02,47655,2041,226.3,16727.61,2164,2340,251,19140.55,208,15745.84,175,76,5800.65,175,45,379,22,5994,2753,254,19350.9,2169,2142,817,143,2169,0,2142,817,143,137,46,851516.64,70.54,10397.58
2026-02-01,2427.79,39775,1917,216.7,16486.02,1926,2103,241,18427.88,199,15413.28,165,76,5854.74,165,36,314,26,5234,2412,230,16670.28,1392,1361,488,79,1392,0,1361,488,79,136,39,861776.33,70.64,9428.87
2026-02-02,2376.21,42397,1861,209.1,16088.7,1887,2050,237,18241.46,196,14957.82,168,69,5245.44,168,44,357,30,5250,2428,229,17744.89,388,382,171,33,388,0,382,171,33,141,34,828487.89,70.74,10132.03
2026-02-03,2459.65,41646,1865,220.8,17104.78,1932,2138,245,18395.71,203,15170.79,176,69,4850.17,176,47,338,19,5566,2574,250,19086.51,2450,2409,827,144,2450,0,2409,827,144,119,34,836619.03,70.84,10365.82
2026-02-04,2442.7,45405,1997,223.4,17260.16,1943,2125,244,18967.05,202,15610.84,174,70,5479.13,174,45,359,30,5923,2757,263,20500.34,2840,2786,963,163,2840,0,2786,963,163,142,39,883846.55,70.94,10039.43
2026-02-05,2286.06,42492,1858,213.3,15760.65,1839,1985,229,18190.38,190,14954.26,164,65,5249.64,164,34,330,28,5653,2649,254,19537.08,1487,1453,487,85,1487,0,1453,487,85,127,40,888346.77,71.04,9588.63
2026-02-06,2650.39,45779,2015,241.1,17706.42,2111,2290,258,19648.96,214,16130.92,177,81,6325.13,177,36,324,26,6069,2786,266,20302.11,2472,2418,867,151,2472,0,2418,867,151,144,46,893696.65,71.15,10128.8
2026-02-07,2588.63,44441,2125,241.3,18159.17,2027,2252,264,19682.77,219,16358.96,184,80,5982.17,184,51,349,26,5872,2722,254,19026.99,2995,2955,1117,201,2995,0,2955,1117,201,140,37,834009.74,71.25,10954.1
2026-02-08,2376.04,41041,1862,225.2,16707.08,1890,2069,245,18237.22,203,15080.48,179,66,4851.74,179,34,373,16,5132,2417,219,15931.04,1685,1654,623,108,1685,0,1654,623,108,129,44,897015.25,71.35,9782.98
2026-02-09,2456.26,44206,2044,239.0,17170.13,1928,2129,262,19471.33,217,16179.91,181,81,6094.36,181,29,335,33,5961,2804,265,19662.06,2534,2500,973,169,2534,0,2500,973,169,122,38,844110.56,71.45,9843.83
2026-02-10,2446.43,42939,2003,227.6,17317.63,1941,2138,252,19469.19,209,16128.6,177,75,5805.65,177,38,339,22,5965,2780,260,19702.29,1756,1723,618,111,1756,0,1723,618,111,122,33,888085.12,71.55,10639.4
2026-02-11,2437.88,42280,1832,218.8,17098.85,1935,2125,239,18464.67,198,15239.4,169,70,5526.79,169,48,318,14,6015,2761,266,21202.57,748,740,313,59,748,0,740,313,59,121,41,899532.49,71.65,10233.28
2026-02-12,2260.28,38549,1733,214.7,15899.0,1819,1975,232,17379.9,193,14360.24,163,69,4998.51,163,42,338,29,5035,2339,220,16536.45,412,404,190,36,412,0,404,190,36,140,40,897428.67,71.75,9351.81
2026-02-13,2509.31,46374,2138,228.0,17617.12,1990,2193,249,18593.27,207,15453.36,173,76,5656.9,173,41,358,27,6458,2979,285,21836.54,3572,3516,1221,211,3572,0,3516,1221,211,149,44,866005.09,71.85,10098.77
2026-02-14,2444.34,41163,1875,209.2,16605.43,1959,2148,238,18455.72,198,15363.94,163,75,5880.37,163,37,351,26,5509,2588,235,18159.11,9765,9547,2098,321,2338,7427,2306,847,150,144,47,903385.74,71.95,9616.92
2026-02-15,2592.5,47249,2066,221.8,17562.19,2052,2266,251,19037.33,209,15747.51,179,72,5520.52,179,36,369,32,5931,2774,249,18619.95,615,602,252,48,615,0,602,252,48,124,44,890424.57,72.05,10332.57
2026-02-16,2505.62,42156,1957,241.1,17484.66,2010,2178,252,18971.55,210,15982.16,176,76,5688.97,176,42,371,16,5708,2638,260,18749.69,9185,8963,1785,278,1328,7857,1302,517,91,132,36,871133.22,72.14,10261.44
2026-02-17,2283.65,37795,1782,216.0,15912.41,1839,1997,229,17757.66,190,14947.98,159,70,5332.04,159,26,307,26,5074,2359,223,16664.4,3028,2960,1080,196,3028,0,2960,1080,196,136,46,874674.51,72.23,9241.4
2026-02-18,2404.29,44948,1988,228.4,17174.34,1941,2104,240,18518.86,200,15366.55,167,73,5595.42,167,36,366,26,6135,2859,273,20765.7,1115,1094,341,55,1115,0,1094,341,55,141,51,900275.92,72.33,10090.79
2026-02-19,2567.83,42617,2105,240.5,17623.49,2042,2239,261,19566.59,217,16223.37,184,77,5855.26,184,37,366,24,6480,3017,281,21311.56,3218,3147,1179,205,3218,0,3147,1179,205,139,46,899914.81,72.42,10522.68
2026-02-20,2447.91,44390,2058,231.1,17509.17,1948,2130,257,19722.12,214,16530.09,178,79,6208.38,178,41,347,23,6012,2783,261,20460.8,1049,1032,439,82,1049,0,1032,439,82,146,47,866801.44,72.52,10623.92
2026-02-21,2577.14,43198,2099,258.4,18774.49,2061,2256,270,20359.96,225,17334.52,186,84,6023.98,186,40,375,41,6343,2950,278,21661.25,0,0,0,0,0,0,0,0,0,153,55,917441.58,72.61,10883.24
2026-02-22,2403.83,42903,2021,228.7,16457.24,1897,2094,244,17870.82,203,14791.41,170,74,5490.59,170,35,371,28,5758,2648,254,19466.43,1641,1609,620,99,1641,0,1609,620,99,144,51,863063.73,72.7,9751.73
2026-02-23,2320.3,40070,1855,209.7,16469.99,1849,2012,234,18265.69,195,15197.11,160,74,5620.6,160,34,327,17,5699,2644,256,20388.4,9022,8825,1963,321,2421,6601,2389,918,159,145,48,920361.92,72.81,9632.73
2026-02-24,2407.52,41250,1898,212.0,16999.76,1918,2102,234,18526.13,195,15517.7,159,75,5749.06,159,31,361,27,5787,2743,252,19304.96,1156,1144,355,62,1156,0,1144,355,62,127,53,921313.53,72.91,9825.72
2026-02-25,2274.12,38185,1810,213.2,15769.7,1825,1988,230,17822.13,192,14923.44,157,73,5681.57,157,27,334,30,5196,2442,232,17283.76,3528,3488,1269,218,3528,0,3488,1269,218,139,41,896804.44,73.01,9219.85
2026-02-26,2445.71,45524,2042,230.4,17203.39,1947,2147,255,19263.77,213,16172.84,172,83,6228.83,172,36,366,22,5784,2699,251,19331.19,2872,2820,1001,173,2872,0,2820,1001,173,144,51,918436.42,73.11,9909.38
2026-02-27,2317.96,40512,1937,228.6,16163.45,1840,2025,237,18718.93,198,15612.39,168,69,5376.9,168,26,351,22,5710,2681,251,20112.9,798,778,317,58,798,0,778,317,58,133,34,866211.71,73.22,10066.04
2026-02-28,2483.44,41661,1975,232.1,17498.29,1973,2163,247,19167.74,206,16092.31,170,77,5964.41,170,32,348,26,6371,2989,280,22597.51,0,0,0,0,0,0,0,0,0,140,45,894611.83,73.32,10160.11
2026-03-01,2398.06,44778,2047,235.4,17979.37,1908,2077,259,18928.41,216,15677.57,178,81,5963.93,178,27,373,23,6035,2786,265,20689.42,418,411,192,36,418,0,411,192,36,136,40,940668.28,73.43,9848.39
2026-03-02,2293.8,40413,2005,230.0,16482.54,1815,1989,232,18917.3,194,15802.9,159,73,5922.56,159,30,376,26,5744,2696,251,20020.4,3023,2972,1125,201,3023,0,2972,1125,201,129,43,879837.61,73.53,9900.41
2026-03-03,2443.58,43144,2064,225.7,17372.11,1952,2142,245,19495.06,205,16304.91,168,77,6328.44,168,24,309,27,5815,2725,256,20366.88,1793,1767,662,117,1793,0,1767,662,117,128,42,875564.1,73.64,9820.68
2026-03-04,2439.09,43166,2112,241.7,17642.58,1950,2131,253,19965.71,211,16621.44,175,78,6071.32,175,21,335,29,6452,3053,283,22033.06,9789,9579,2147,337,2622,7167,2591,973,160,136,44,884896.14,73.75,10454.84
2026-03-05,2450.62,41806,2058,233.9,17987.96,1954,2148,251,19723.11,210,16296.33,171,80,6315.09,171,30,335,21,6020,2848,272,21184.52,1095,1070,360,57,1095,0,1070,360,57,129,48,883115.62,73.86,10300.26
2026-03-06,2620.65,47674,2229,248.4,19187.85,2114,2286,268,20800.44,224,17261.48,184,84,6483.59,184,39,341,26,6782,3193,295,22366.36,3060,2985,1106,185,3060,0,2985,1106,185,144,53,928598.18,73.97,11622.81
2026-03-07,2375.21,42224,2147,238.3,17932.7,1893,2076,259,19068.29,217,15972.38,179,80,5713.84,179,38,358,24,6383,3013,282,21637.5,3197,3137,1195,211,3197,0,3137,1195,211,151,51,940070.09,74.07,10641.51
2026-03-08,2585.02,43548,2120,241.6,18353.59,2084,2267,263,19915.49,220,16676.89,179,84,6130.06,179,33,331,22,6264,2956,280,20592.39,9305,9108,2097,332,2893,6412,2856,1004,177,134,43,902340.01,74.18,10809.01
2026-03-09,2325.15,44476,2094,233.2,17355.77,1860,2040,249,19206.29,208,16101.57,172,77,6026.06,172,24,371,27,5920,2780,265,20294.16,968,957,335,59,968,0,957,335,59,145,46,938087.51,74.28,9802.03
2026-03-10,2133.47,38941,1869,204.1,16133.37,1692,1868,220,17505.19,184,14454.09,152,68,5397.05,152,18,339,22,5217,2440,229,17484.8,4512,4413,1636,281,4512,0,4413,1636,281,146,54,944101.33,74.38,8933.62
2026-03-11,2118.66,38636,1828,217.4,16209.45,1684,1852,230,17943.79,193,15116.03,154,76,5758.41,154,19,368,29,5314,2493,230,18296.71,1351,1330,553,93,1351,0,1330,553,93,140,55,894131.76,74.48,8981.36
2026-03-12,2410.77,44154,2054,240.3,17901.67,1929,2119,261,19062.01,219,15974.64,184,77,5861.13,184,31,362,28,5967,2804,262,20254.52,5062,4975,1895,330,5062,0,4975,1895,330,145,53,915599.21,74.58,10092.37
2026-03-13,2410.68,39255,2014,244.5,17554.71,1931,2109,257,19501.87,215,16438.64,175,82,6031.06,175,27,339,23,5850,2740,252,18217.16,1062,1046,390,60,1062,0,1046,390,60,133,55,892648.08,74.67,10315.55
2026-03-14,2406.68,40473,2020,240.4,18204.2,1938,2115,254,19302.58,213,16069.45,171,83,6245.5,171,20,380,38,5554,2583,242,18274.06,1109,1088,376,58,1109,0,1088,376,58,162,58,916089.36,74.75,9792.2
2026-03-15,2454.59,43798,2065,226.8,18112.76,1962,2154,250,19731.24,210,16543.87,175,75,5808.68,175,25,353,36,6275,2982,286,22590.53,1665,1645,596,117,1665,0,1645,596,117,140,57,934239.28,74.84,10903.42
2026-03-16,2586.54,44016,2142,249.2,19318.94,2087,2267,269,20212.6,226,17061.38,183,86,6336.08,183,19,378,31,6443,2989,286,21658.82,1867,1832,718,130,1867,0,1832,718,130,128,43,912391.49,74.93,10166.72
2026-03-17,2481.61,44693,2111,247.0,18017.59,2002,2173,263,20119.13,221,16744.34,175,88,6310.54,175,23,329,39,6004,2880,268,19876.78,4080,4008,1570,265,4080,0,4008,1570,265,145,53,960142.15,75.01,10456.31
2026-03-18,2290.77,40718,1927,225.3,16792.83,1855,2024,244,18820.94,205,15902.69,164,80,6165.24,164,27,341,19,5482,2586,245,18682.91,9363,9151,2145,329,3030,6333,2976,1092,183,123,40,943117.81,75.09,9888.95
2026-03-19,2366.32,43146,2056,234.7,17761.32,1906,2069,255,19403.03,214,16191.26,176,79,6117.15,176,20,391,21,6337,3008,276,20503.73,1282,1264,565,113,1282,0,1264,565,113,129,38,933717.31,75.16,9916.73
2026-03-20,2478.23,40865,2096,242.8,18231.23,1993,2175,256,20517.49,215,17339.57,174,82,6716.19,174,21,341,23,6478,3045,286,22243.72,2741,2700,1007,168,2741,0,2700,1007,168,138,43,963723.33,75.24,10596.2
2026-03-21,2727.18,46776,2266,262.6,20225.91,2202,2410,281,21753.11,236,18606.99,192,89,7045.35,192,28,352,25,6787,3223,307,23555.2,3009,2952,1127,185,3009,0,2952,1127,185,155,55,911177.81,75.32,11678.73
2026-03-22,2368.37,42776,2090,245.7,18037.83,1909,2082,262,20521.62,220,17333.06,179,83,6228.97,179,17,388,31,6455,3073,295,22657.84,1774,1735,665,106,1774,0,1735,665,106,134,42,974744.25,75.4,10841.98
2026-03-23,2311.94,42563,2096,232.0,18141.21,1854,2025,256,20124.76,215,16738.63,173,83,6639.15,173,18,390,22,6404,3019,281,21201.14,657,644,270,50,657,0,644,270,50,141,52,910285.74,75.49,10229.46
2026-03-24,2482.37,41181,2138,236.6,18325.86,2004,2198,251,20445.41,211,17319.97,169,82,7244.88,169,16,328,30,6162,2883,273,22009.24,2249,2206,886,165,2249,0,2206,886,165,145,43,937688.13,75.58,9819.98
2026-03-25,2365.05,38683,2044,219.5,17572.86,1896,2090,239,19219.29,201,16371.21,164,75,5874.6,164,21,380,35,5807,2747,263,21180.16,1716,1698,642,121,1716,0,1698,642,121,132,54,983715.64,75.67,9966.28
2026-03-26,2341.48,39880,1996,237.8,17996.59,1876,2057,253,19239.05,213,16349.14,172,81,6033.63,172,16,348,35,6116,2898,281,21529.83,0,0,0,0,0,0,0,0,0,153,61,982949.09,75.75,10085.52
2026-03-27,2465.74,43609,2149,254.1,18705.64,1984,2158,266,20438.23,224,17460.31,179,87,6518.44,179,18,387,29,6329,2984,287,21638.2,0,0,0,0,0,0,0,0,0,152,64,951976.27,75.84,10511.12
2026-03-28,2563.94,46963,2354,261.8,19540.53,2065,2254,272,21117.31,229,17705.97,185,87,6984.47,185,19,387,33,6474,3049,286,22455.6,3535,3468,1349,233,3535,0,3468,1349,233,148,55,979547.55,75.94,10781.64
2026-03-29,2236.92,43008,1960,226.1,18324.34,1783,1951,242,19650.16,204,16408.36,158,84,6742.97,158,20,345,31,5967,2879,274,22130.78,1109,1095,490,96,1109,0,1095,490,96,138,55,929420.69,76.04,10081.71
2026-03-30,2255.72,40268,1961,225.4,17867.6,1814,1977,243,18397.73,205,15375.31,167,76,5861.84,167,14,379,31,5478,2630,254,19670.18,1194,1171,439,71,1194,0,1171,439,71,151,39,985345.75,76.13,9742.36
2026-03-31,2332.71,41695,2060,222.8,18232.35,1867,2045,245,19488.3,206,16324.14,166,79,6307.78,166,16,374,25,6170,2954,278,21978.44,8650,8457,2166,370,3726,4924,3656,1373,243,134,46,991715.46,76.23,10220.36
2026-04-01,2171.2,38204,1957,224.9,16498.19,1751,1905,232,18995.53,195,16036.62,156,76,5884.92,156,12,320,31,5510,2656,246,19861.83,1298,1282,621,116,1298,0,1282,621,116,143,58,989278.62,76.34,9951.54
2026-04-02,2367.83,41748,2115,244.9,18441.06,1893,2087,255,20568.17,215,17216.45,172,83,6963.65,172,14,369,27,6574,3148,290,23181.67,2178,2141,868,152,2178,0,2141,868,152,152,58,946813.02,76.45,10196.49
2026-04-03,2383.59,42918,2208,228.6,18629.87,1917,2104,243,18746.09,205,15985.72,162,81,6408.21,162,18,368,30,6411,3039,291,23358.13,3570,3512,1427,239,3570,0,3512,1427,239,151,56,970981.19,76.55,9594.97
2026-04-04,2367.24,43724,2173,247.6,19056.48,1901,2081,256,20496.93,216,17331.02,174,82,6741.64,174,11,371,30,6534,3144,297,22919.16,2322,2291,980,177,2322,0,2291,980,177,165,58,978854.6,76.65,10280.56
2026-04-05,2370.79,43148,2088,242.0,18693.23,1922,2089,254,19606.43,214,16447.2,169,85,6565.57,169,15,354,23,6098,2913,272,22187.66,0,0,0,0,0,0,0,0,0,135,39,961668.08,76.75,9946.47
2026-04-06,2371.2,42518,2206,244.5,18299.58,1925,2089,255,19742.49,215,16582.68,171,84,6410.95,171,14,354,26,6573,3174,286,22016.12,489,482,246,49,489,0,482,246,49,151,58,1008560.99,76.85,10112.43
2026-04-07,2451.32,43265,2196,236.7,18489.2,1978,2156,247,20432.02,209,17182.18,161,86,7365.05,161,13,386,38,6486,3132,292,23915.45,7959,7765,1957,320,2698,5261,2636,1048,191,144,54,986058.51,76.94,10085.92
2026-04-08,2097.71,38413,1976,217.0,17014.79,1686,1845,231,18590.35,195,15900.9,155,76,6026.71,155,14,342,27,5476,2590,242,20153.71,3024,2956,1157,200,3024,0,2956,1157,200,150,55,997299.21,77.04,9519.05
2026-04-09,2242.25,42454,2104,247.1,18297.93,1794,1976,256,19834.04,216,16625.69,169,87,6582.79,169,15,402,26,6662,3161,305,23957.92,2880,2827,1116,186,2880,0,2827,1116,186,159,62,937107.73,77.15,10053.8
2026-04-10,2207.74,38638,1966,226.1,18107.97,1786,1941,240,18721.07,203,16037.93,159,81,6356.14,159,12,351,28,5775,2742,272,21295.99,2338,2308,985,182,2338,0,2308,985,182,156,66,998925.97,77.25,9382.3
2026-04-11,2424.2,45707,2303,249.7,18934.33,1944,2134,262,21296.85,221,17705.74,175,87,7032.04,175,10,376,28,6516,3062,288,23774.58,7906,7729,1995,324,3340,4566,3277,1231,206,140,63,983807.87,77.36,10471.15
2026-04-12,2473.69,44411,2224,253.3,18843.73,2007,2183,263,20414.41,222,17170.6,179,84,6428.71,179,11,373,22,6988,3301,314,24610.0,2039,2014,800,133,2039,0,2014,800,133,154,58,992210.02,77.46,10457.86
2026-04-13,2317.6,43901,2094,231.5,18607.71,1871,2034,249,20290.53,211,17364.54,165,84,6842.48,165,8,399,41,6041,2870,274,22816.99,1776,1740,699,122,1776,0,1740,699,122,153,54,950448.02,77.56,9685.58
2026-04-14,2379.12,41259,2133,235.2,19123.62,1931,2100,254,20177.37,215,17139.47,167,87,6619.36,167,6,363,28,6554,3152,300,24069.52,1568,1547,629,114,1568,0,1547,629,114,139,55,988422.36,77.66,9783.47
2026-04-15,2359.87,40304,2098,237.7,19274.93,1894,2075,265,20234.46,224,16907.49,173,92,7077.74,173,10,378,36,6339,3046,287,22534.85,2398,2354,886,138,2398,0,2354,886,138,155,54,991024.43,77.76,9731.35
2026-04-16,2185.66,38120,1990,231.2,17711.7,1766,1933,246,19412.1,208,16411.89,167,79,6690.25,167,7,358,38,6007,2868,283,22275.81,4988,4893,1899,332,4988,0,4893,1899,332,159,50,981629.35,77.86,9246.19
2026-04-17,2442.07,44014,2339,249.1,19449.31,1978,2157,264,20597.01,224,17596.69,169,95,7416.44,169,7,361,36,7295,3554,331,26039.32,1219,1194,466,74,1219,0,1194,466,74,161,72,1018239.06,77.96,9609.22
2026-04-18,2634.9,47150,2353,264.1,20367.58,2137,2324,272,22892.38,230,19407.46,178,94,8096.0,178,7,359,33,6937,3349,314,24744.44,1698,1680,660,121,1698,0,1680,660,121,162,63,978833.58,78.07,10667.74
2026-04-19,2249.58,40078,2115,227.6,17518.73,1809,1982,241,18734.05,204,15717.15,156,85,6715.53,156,6,368,25,6375,3054,294,23353.04,4090,4028,1608,277,4090,0,4028,1608,277,154,66,1000819.37,78.18,8771.41
2026-04-20,2361.36,44274,2196,236.9,19014.94,1911,2093,254,19568.06,215,16535.63,167,87,6849.0,167,8,352,22,6459,3103,291,22103.37,3502,3456,1473,265,3502,0,3456,1473,265,154,63,1023091.37,78.3,9338.27
2026-04-21,2018.74,38325,1909,217.7,17302.78,1621,1770,229,18239.65,194,15510.77,152,77,6200.42,152,7,350,25,5771,2807,272,22140.83,0,0,0,0,0,0,0,0,0,134,60,1025144.57,78.4,8830.17
2026-04-22,2356.96,42110,2241,247.5,18947.84,1898,2083,263,20645.85,223,17567.7,174,89,7207.33,174,3,334,22,6540,3160,300,23020.0,1757,1724,720,127,1757,0,1724,720,127,130,56,962235.1,78.5,9545.6
2026-04-23,2360.29,41269,2152,245.7,18954.76,1928,2096,257,20726.37,218,17623.42,169,88,7101.2,169,5,380,23,6178,2975,275,21696.74,2696,2640,1042,181,2696,0,2640,1042,181,148,51,990849.21,78.61,9794.4
2026-04-24,2258.75,42258,2191,223.8,18422.48,1827,1999,246,19859.98,209,16897.52,161,85,6727.44,161,3,389,16,6188,2948,283,22883.86,4794,4699,1869,357,4794,0,4699,1869,357,153,55,1031409.4,78.72,9346.22
2026-04-25,2597.99,47431,2401,261.8,20847.26,2100,2292,275,22114.88,233,18728.65,179,96,7370.28,179,6,371,13,7094,3440,324,25308.54,3684,3613,1514,263,3684,0,3613,1514,263,161,69,1024323.65,78.83,10595.84
2026-04-26,2431.58,45683,2229,248.0,19608.57,1972,2160,259,20710.35,220,17685.36,172,87,6582.99,172,3,375,6,6381,3074,287,22987.22,2556,2503,1060,197,2556,0,2503,1060,197,143,52,996045.72,78.94,9997.85
2026-04-27,2322.36,41360,2073,232.9,18768.16,1862,2056,250,19966.65,212,17117.95,162,88,7026.39,162,2,390,9,6321,3047,296,23449.83,2463,2419,1064,193,2463,0,2419,1064,193,158,63,989997.16,79.05,8845.13
2026-04-28,2203.45,40434,2183,241.0,17656.84,1788,1941,252,20336.62,214,17235.38,166,86,6667.85,166,0,392,7,6400,3133,299,22867.63,2013,1974,835,144,2013,0,1974,835,144,142,31,1012308.57,79.17,9568.14
2026-04-29,2231.93,39839,2115,219.3,17710.85,1807,1982,235,19279.48,200,16312.18,155,80,6712.35,155,2,368,2,5819,2821,274,22139.69,3138,3082,1255,215,3138,0,3082,1255,215,136,32,1024492.19,79.28,8807.24
2026-04-30,2199.05,42070,2085,231.1,18274.95,1784,1940,248,19353.61,211,16709.48,167,81,6068.23,167,0,360,0,6100,2907,281,22158.12,2924,2867,1189,232,2924,0,2867,1189,232,157,17,1013030.17,79.39,9299.77
