Search keyword,Intent tier,CRM-verified profitable,Last reviewed
best vitamin c serum for dry skin,Tier 1 - High Intent,Yes,2025-11-24
buy hydrating face serum online,Tier 1 - High Intent,Yes,2025-11-24
spf moisturizer bundle,Tier 1 - High Intent,Yes,2025-11-24
buy spf moisturizer online,Tier 1 - High Intent,Yes,2025-11-24
best skincare routine for dry skin,Tier 2 - Mid Intent,Yes,2025-11-24
plant based moisturizer,Tier 2 - Mid Intent,Yes,2025-11-24
natural skincare routine,Tier 2 - Mid Intent,No,2025-11-24
vegan spf moisturizer,Tier 2 - Mid Intent,Yes,2025-11-24
pureglow skincare,Tier 3 - Brand Defense,Yes,2025-11-24
pureglow vitamin c serum,Tier 3 - Brand Defense,Yes,2025-11-24
pureglow spf bundle,Tier 3 - Brand Defense,Yes,2025-11-24
skincare,Untiered - Broad,No,2025-11-24
moisturizer,Untiered - Broad,No,2025-11-24
